<?xml version = '1.0' encoding = 'UTF-8'?>
<Relation class="oracle.dbtools.crest.model.design.logical.Relation" name="Relation_10" directorySegmentName="seg_0" id="0E22A948-E40B-4CEC-F6F6-35C776AD2F9C">
<createdBy>anna</createdBy>
<createdTime>2021-11-30 21:27:09 UTC</createdTime>
<ownerDesignName>app</ownerDesignName>
<engineerTo>
<item key="AB9C3F5F-DFC0-15C7-CFC6-1ADF5BA04123" value="true"/>
</engineerTo>
<useSurrogateKey>true</useSurrogateKey>
<sourcePk>14FE0562-E3F9-1D5B-2F39-E24DF4208A06</sourcePk>
<targetPk>A9ABA560-0808-C3CA-5806-EC0FE8E45767</targetPk>
<identifying>true</identifying>
<nameOnSource>wystawiona przez</nameOnSource>
<nameOnTarget>oceniający</nameOnTarget>
<optionalSource>false</optionalSource>
<optionalTarget>true</optionalTarget>
<sourceCardinality>*</sourceCardinality>
<sourceEntity>055835C2-17D2-28F1-7094-5A6E292EC869</sourceEntity>
<targetCardinalityString>1</targetCardinalityString>
<targetEntity>0CD5F412-98DA-3FD4-E37F-F7D179CF9155</targetEntity>
<transferable>true</transferable>
<deleteRule>NO ACTION</deleteRule>
</Relation>