<?xml version = '1.0' encoding = 'UTF-8'?>
<Relation class="oracle.dbtools.crest.model.design.logical.Relation" name="Relation_3" directorySegmentName="seg_0" id="129B2B53-2D43-0ABD-CA87-417D6EEC736C">
<createdBy>anna</createdBy>
<createdTime>2021-11-30 21:19:59 UTC</createdTime>
<ownerDesignName>app</ownerDesignName>
<engineerTo>
<item key="AB9C3F5F-DFC0-15C7-CFC6-1ADF5BA04123" value="true"/>
</engineerTo>
<sourcePk>279AB81B-95E8-DDF7-0237-18BE35794859</sourcePk>
<identifying>false</identifying>
<nameOnSource>stworzył</nameOnSource>
<nameOnTarget>stworzona przez</nameOnTarget>
<optionalSource>false</optionalSource>
<optionalTarget>false</optionalTarget>
<sourceCardinality>1</sourceCardinality>
<sourceEntity>9F33D251-DD76-9D1E-C7A8-84F15A0DBBAF</sourceEntity>
<targetCardinalityString>*</targetCardinalityString>
<targetEntity>245A3C83-EB37-5181-8463-646DC39C2239</targetEntity>
<transferable>true</transferable>
<deleteRule>NO ACTION</deleteRule>
</Relation>