<?xml version = '1.0' encoding = 'UTF-8'?>
<Relation class="oracle.dbtools.crest.model.design.logical.Relation" name="Relation_19" directorySegmentName="seg_0" id="202193EB-9039-C058-5603-DA8331020193">
<createdBy>anna</createdBy>
<createdTime>2021-11-30 21:30:47 UTC</createdTime>
<ownerDesignName>app</ownerDesignName>
<engineerTo>
<item key="AB9C3F5F-DFC0-15C7-CFC6-1ADF5BA04123" value="true"/>
</engineerTo>
<useSurrogateKey>true</useSurrogateKey>
<sourcePk>A9ABA560-0808-C3CA-5806-EC0FE8E45767</sourcePk>
<identifying>true</identifying>
<nameOnSource>bierze udział w</nameOnSource>
<nameOnTarget>między</nameOnTarget>
<optionalSource>true</optionalSource>
<optionalTarget>false</optionalTarget>
<sourceCardinality>1</sourceCardinality>
<sourceEntity>0CD5F412-98DA-3FD4-E37F-F7D179CF9155</sourceEntity>
<targetCardinalityString>*</targetCardinalityString>
<targetEntity>81ACC943-5C2C-59E7-9C07-54937D8406E0</targetEntity>
<transferable>true</transferable>
<deleteRule>NO ACTION</deleteRule>
</Relation>