<?xml version = '1.0' encoding = 'UTF-8'?>
<Relation class="oracle.dbtools.crest.model.design.logical.Relation" name="Relation_37" directorySegmentName="seg_0" id="4179011B-FD89-118F-1741-AEF282994DF9">
<createdBy>anna</createdBy>
<createdTime>2021-11-30 21:48:37 UTC</createdTime>
<ownerDesignName>app</ownerDesignName>
<engineerTo>
<item key="AB9C3F5F-DFC0-15C7-CFC6-1ADF5BA04123" value="true"/>
</engineerTo>
<sourcePk>9476FAC7-01C4-B3F8-BAA8-7EFD24377259</sourcePk>
<identifying>true</identifying>
<nameOnSource>składający się z</nameOnSource>
<nameOnTarget>stanowiąca część</nameOnTarget>
<optionalSource>false</optionalSource>
<optionalTarget>false</optionalTarget>
<sourceCardinality>1</sourceCardinality>
<sourceEntity>A8AD73E7-1199-1714-D071-9DE926CBFFDC</sourceEntity>
<targetCardinalityString>*</targetCardinalityString>
<targetEntity>B76D305F-AC6A-EA8C-70A9-56BF2E626755</targetEntity>
<transferable>true</transferable>
<deleteRule>NO ACTION</deleteRule>
</Relation>