<?xml version = '1.0' encoding = 'UTF-8'?>
<Relation class="oracle.dbtools.crest.model.design.logical.Relation" name="Relation_8" directorySegmentName="seg_0" id="68B9B18A-190C-7EF6-C69B-96FF25B40042">
<createdBy>anna</createdBy>
<createdTime>2021-11-30 21:25:01 UTC</createdTime>
<ownerDesignName>app</ownerDesignName>
<engineerTo>
<item key="AB9C3F5F-DFC0-15C7-CFC6-1ADF5BA04123" value="true"/>
</engineerTo>
<sourcePk>0DA18B0B-17D8-2453-8AB8-95443D72AE29</sourcePk>
<identifying>true</identifying>
<nameOnSource>oceniona</nameOnSource>
<nameOnTarget>oceniająca</nameOnTarget>
<optionalSource>true</optionalSource>
<optionalTarget>false</optionalTarget>
<sourceCardinality>1</sourceCardinality>
<sourceEntity>245A3C83-EB37-5181-8463-646DC39C2239</sourceEntity>
<targetCardinalityString>*</targetCardinalityString>
<targetEntity>055835C2-17D2-28F1-7094-5A6E292EC869</targetEntity>
<transferable>true</transferable>
<deleteRule>NO ACTION</deleteRule>
</Relation>