<?xml version = '1.0' encoding = 'UTF-8'?>
<Relation class="oracle.dbtools.crest.model.design.logical.Relation" name="Relation_35" directorySegmentName="seg_0" id="6DCBA962-83AC-4F48-236C-E9DBB6CEA76C">
<createdBy>anna</createdBy>
<createdTime>2021-11-30 21:45:58 UTC</createdTime>
<ownerDesignName>app</ownerDesignName>
<engineerTo>
<item key="AB9C3F5F-DFC0-15C7-CFC6-1ADF5BA04123" value="true"/>
</engineerTo>
<useSurrogateKey>true</useSurrogateKey>
<sourcePk>A7CFA354-0BF2-F9CD-6086-F8A101A6C9BE</sourcePk>
<identifying>true</identifying>
<nameOnSource>grający jako</nameOnSource>
<nameOnTarget>odbyta przez</nameOnTarget>
<optionalSource>true</optionalSource>
<optionalTarget>false</optionalTarget>
<sourceCardinality>1</sourceCardinality>
<sourceEntity>FE31F2CB-A31C-4E15-CD49-981257411F5A</sourceEntity>
<targetCardinalityString>*</targetCardinalityString>
<targetEntity>3D8A5A20-E056-9318-567F-8BF5261312A1</targetEntity>
<transferable>true</transferable>
<deleteRule>NO ACTION</deleteRule>
</Relation>