<?xml version = '1.0' encoding = 'UTF-8'?>
<Relation class="oracle.dbtools.crest.model.design.logical.Relation" name="Relation_33" directorySegmentName="seg_0" id="6EC0BCD7-A46A-68CC-DCF3-A5AB8477232E">
<createdBy>anna</createdBy>
<createdTime>2021-12-02 19:10:00 UTC</createdTime>
<ownerDesignName>app</ownerDesignName>
<engineerTo>
<item key="AB9C3F5F-DFC0-15C7-CFC6-1ADF5BA04123" value="true"/>
</engineerTo>
<sourcePk>23880815-2DE1-FC66-414E-48DEC45787F0</sourcePk>
<targetPk>2D37A9D6-622B-517B-A2A5-697A70C4AD86</targetPk>
<arc>DAB4CBBD-6761-F9B2-59FF-FA61068D5FB0</arc>
<identifying>false</identifying>
<nameOnSource>to</nameOnSource>
<nameOnTarget>jest</nameOnTarget>
<optionalSource>false</optionalSource>
<optionalTarget>true</optionalTarget>
<sourceCardinality>*</sourceCardinality>
<sourceEntity>DECD7D89-3758-1D42-FC31-0D69274E55FF</sourceEntity>
<targetCardinalityString>1</targetCardinalityString>
<targetEntity>622068F2-2EA7-19A6-E42F-FBFA9C4E6642</targetEntity>
<transferable>true</transferable>
<deleteRule>NO ACTION</deleteRule>
</Relation>