<?xml version = '1.0' encoding = 'UTF-8'?>
<Relation class="oracle.dbtools.crest.model.design.logical.Relation" name="Relation_2" directorySegmentName="seg_0" id="70E64B62-B3E6-C3BD-7AE9-7A98A2FF3CEC">
<createdBy>anna</createdBy>
<createdTime>2021-11-30 21:18:38 UTC</createdTime>
<ownerDesignName>app</ownerDesignName>
<engineerTo>
<item key="AB9C3F5F-DFC0-15C7-CFC6-1ADF5BA04123" value="true"/>
</engineerTo>
<sourcePk>175BD214-B81B-EFAC-8895-652D87FF9B4C</sourcePk>
<identifying>false</identifying>
<nameOnSource>opisuje</nameOnSource>
<nameOnTarget>ma gatunek</nameOnTarget>
<optionalSource>true</optionalSource>
<optionalTarget>false</optionalTarget>
<sourceCardinality>1</sourceCardinality>
<sourceEntity>6540A909-897C-2492-FCD8-1D6B61DA6450</sourceEntity>
<targetCardinalityString>*</targetCardinalityString>
<targetEntity>245A3C83-EB37-5181-8463-646DC39C2239</targetEntity>
<transferable>true</transferable>
<deleteRule>NO ACTION</deleteRule>
</Relation>