<?xml version = '1.0' encoding = 'UTF-8'?>
<Relation class="oracle.dbtools.crest.model.design.logical.Relation" name="Relation_32" directorySegmentName="seg_0" id="7D3BDD98-0732-BC11-5B87-E049DA260C7B">
<createdBy>anna</createdBy>
<createdTime>2021-12-02 19:07:23 UTC</createdTime>
<ownerDesignName>app</ownerDesignName>
<engineerTo>
<item key="AB9C3F5F-DFC0-15C7-CFC6-1ADF5BA04123" value="true"/>
</engineerTo>
<sourcePk>A9ABA560-0808-C3CA-5806-EC0FE8E45767</sourcePk>
<targetPk>23880815-2DE1-FC66-414E-48DEC45787F0</targetPk>
<arc>DAB4CBBD-6761-F9B2-59FF-FA61068D5FB0</arc>
<identifying>false</identifying>
<nameOnSource>jest</nameOnSource>
<nameOnTarget>to</nameOnTarget>
<optionalSource>true</optionalSource>
<optionalTarget>false</optionalTarget>
<sourceCardinality>1</sourceCardinality>
<sourceEntity>0CD5F412-98DA-3FD4-E37F-F7D179CF9155</sourceEntity>
<targetCardinalityString>*</targetCardinalityString>
<targetEntity>DECD7D89-3758-1D42-FC31-0D69274E55FF</targetEntity>
<transferable>true</transferable>
<deleteRule>NO ACTION</deleteRule>
</Relation>