<?xml version = '1.0' encoding = 'UTF-8'?>
<Relation class="oracle.dbtools.crest.model.design.logical.Relation" name="Relation_22" directorySegmentName="seg_0" id="8F1FED59-4702-7FB9-74BE-207F0DBB6E53">
<createdBy>anna</createdBy>
<createdTime>2021-11-30 21:33:51 UTC</createdTime>
<ownerDesignName>app</ownerDesignName>
<engineerTo>
<item key="AB9C3F5F-DFC0-15C7-CFC6-1ADF5BA04123" value="true"/>
</engineerTo>
<sourcePk>9476FAC7-01C4-B3F8-BAA8-7EFD24377259</sourcePk>
<targetPk>32C0BC14-8A71-5BB9-771B-B07579FB65A8</targetPk>
<identifying>false</identifying>
<nameOnSource>odbywa się w</nameOnSource>
<nameOnTarget>w której odbywa się</nameOnTarget>
<optionalSource>false</optionalSource>
<optionalTarget>true</optionalTarget>
<sourceCardinality>*</sourceCardinality>
<sourceEntity>A8AD73E7-1199-1714-D071-9DE926CBFFDC</sourceEntity>
<targetCardinalityString>1</targetCardinalityString>
<targetEntity>A1A31904-92BA-E387-DDDF-1FA1B1F7E154</targetEntity>
<transferable>true</transferable>
<deleteRule>NO ACTION</deleteRule>
</Relation>