<?xml version = '1.0' encoding = 'UTF-8'?>
<Relation class="oracle.dbtools.crest.model.design.logical.Relation" name="Relation_1" directorySegmentName="seg_0" id="A1F8ECC6-E278-61DC-DFEE-8EBCDFE40756">
<createdBy>anna</createdBy>
<createdTime>2021-11-30 21:16:05 UTC</createdTime>
<ownerDesignName>app</ownerDesignName>
<engineerTo>
<item key="AB9C3F5F-DFC0-15C7-CFC6-1ADF5BA04123" value="true"/>
</engineerTo>
<sourcePk>F5B68731-81CE-2036-6FB7-CB2E12B6A2BA</sourcePk>
<targetPk>0DA18B0B-17D8-2453-8AB8-95443D72AE29</targetPk>
<identifying>true</identifying>
<nameOnSource>rozszerza</nameOnSource>
<nameOnTarget>posiada</nameOnTarget>
<optionalSource>false</optionalSource>
<optionalTarget>true</optionalTarget>
<sourceCardinality>*</sourceCardinality>
<sourceEntity>5EE8D091-5FCB-BAD6-830B-83B8A2194345</sourceEntity>
<targetCardinalityString>1</targetCardinalityString>
<targetEntity>245A3C83-EB37-5181-8463-646DC39C2239</targetEntity>
<transferable>true</transferable>
<deleteRule>NO ACTION</deleteRule>
</Relation>