<?xml version = '1.0' encoding = 'UTF-8'?>
<Relation class="oracle.dbtools.crest.model.design.logical.Relation" name="Relation_4" directorySegmentName="seg_0" id="A6E0F53D-CC0A-50F0-00B7-CD67941D6B99">
<createdBy>anna</createdBy>
<createdTime>2021-11-30 21:20:49 UTC</createdTime>
<ownerDesignName>app</ownerDesignName>
<engineerTo>
<item key="AB9C3F5F-DFC0-15C7-CFC6-1ADF5BA04123" value="true"/>
</engineerTo>
<sourcePk>23880815-2DE1-FC66-414E-48DEC45787F0</sourcePk>
<targetPk>0DA18B0B-17D8-2453-8AB8-95443D72AE29</targetPk>
<identifying>true</identifying>
<nameOnSource>posiada</nameOnSource>
<nameOnTarget>posiadana przez</nameOnTarget>
<optionalSource>false</optionalSource>
<optionalTarget>false</optionalTarget>
<sourceCardinality>*</sourceCardinality>
<sourceEntity>DECD7D89-3758-1D42-FC31-0D69274E55FF</sourceEntity>
<targetCardinalityString>1</targetCardinalityString>
<targetEntity>245A3C83-EB37-5181-8463-646DC39C2239</targetEntity>
<transferable>true</transferable>
<deleteRule>NO ACTION</deleteRule>
</Relation>