<?xml version = '1.0' encoding = 'UTF-8'?>
<Relation class="oracle.dbtools.crest.model.design.logical.Relation" name="Relation_31" directorySegmentName="seg_0" id="B1858F8D-8323-7C79-3F06-E72C02CA897E">
<createdBy>anna</createdBy>
<createdTime>2021-11-30 21:43:11 UTC</createdTime>
<ownerDesignName>app</ownerDesignName>
<engineerTo>
<item key="AB9C3F5F-DFC0-15C7-CFC6-1ADF5BA04123" value="true"/>
</engineerTo>
<targetPk>2D37A9D6-622B-517B-A2A5-697A70C4AD86</targetPk>
<identifying>true</identifying>
<nameOnSource>należy do</nameOnSource>
<nameOnTarget>zawiera</nameOnTarget>
<optionalSource>false</optionalSource>
<optionalTarget>false</optionalTarget>
<sourceCardinality>*</sourceCardinality>
<sourceEntity>FE31F2CB-A31C-4E15-CD49-981257411F5A</sourceEntity>
<targetCardinalityString>1</targetCardinalityString>
<targetEntity>622068F2-2EA7-19A6-E42F-FBFA9C4E6642</targetEntity>
<transferable>true</transferable>
<deleteRule>NO ACTION</deleteRule>
</Relation>