<?xml version = '1.0' encoding = 'UTF-8'?>
<Relation class="oracle.dbtools.crest.model.design.logical.Relation" name="Relation_34" directorySegmentName="seg_0" id="C6A40842-723A-C134-2B3C-77A2BDAAE6CE">
<createdBy>anna</createdBy>
<createdTime>2021-11-30 21:45:16 UTC</createdTime>
<ownerDesignName>app</ownerDesignName>
<engineerTo>
<item key="AB9C3F5F-DFC0-15C7-CFC6-1ADF5BA04123" value="true"/>
</engineerTo>
<useSurrogateKey>true</useSurrogateKey>
<sourcePk>344A303D-E9BA-272C-D1DC-BA78D76BE444</sourcePk>
<identifying>true</identifying>
<nameOnSource>odbyta przez</nameOnSource>
<nameOnTarget>grająca w</nameOnTarget>
<optionalSource>false</optionalSource>
<optionalTarget>false</optionalTarget>
<sourceCardinality>1</sourceCardinality>
<sourceEntity>B76D305F-AC6A-EA8C-70A9-56BF2E626755</sourceEntity>
<targetCardinalityString>*</targetCardinalityString>
<targetEntity>3D8A5A20-E056-9318-567F-8BF5261312A1</targetEntity>
<transferable>true</transferable>
<deleteRule>NO ACTION</deleteRule>
</Relation>