<?xml version = '1.0' encoding = 'UTF-8'?>
<Relation class="oracle.dbtools.crest.model.design.logical.Relation" name="Relation_30" directorySegmentName="seg_0" id="D2AB7D88-3118-3AE9-3A0B-C668133F886A">
<createdBy>anna</createdBy>
<createdTime>2021-11-30 21:40:41 UTC</createdTime>
<ownerDesignName>app</ownerDesignName>
<engineerTo>
<item key="AB9C3F5F-DFC0-15C7-CFC6-1ADF5BA04123" value="true"/>
</engineerTo>
<sourcePk>2D37A9D6-622B-517B-A2A5-697A70C4AD86</sourcePk>
<identifying>true</identifying>
<nameOnSource>bierze udział w</nameOnSource>
<nameOnTarget>między</nameOnTarget>
<optionalSource>true</optionalSource>
<optionalTarget>false</optionalTarget>
<sourceCardinality>1</sourceCardinality>
<sourceEntity>622068F2-2EA7-19A6-E42F-FBFA9C4E6642</sourceEntity>
<targetCardinalityString>*</targetCardinalityString>
<targetEntity>B76D305F-AC6A-EA8C-70A9-56BF2E626755</targetEntity>
<transferable>true</transferable>
<deleteRule>NO ACTION</deleteRule>
</Relation>