<?xml version = '1.0' encoding = 'UTF-8'?>
<Relation class="oracle.dbtools.crest.model.design.logical.Relation" name="Relation_21" directorySegmentName="seg_0" id="D9CAA303-E27C-2453-0B96-9A48AD8AA5AA">
<createdBy>anna</createdBy>
<createdTime>2021-11-30 21:31:48 UTC</createdTime>
<ownerDesignName>app</ownerDesignName>
<engineerTo>
<item key="AB9C3F5F-DFC0-15C7-CFC6-1ADF5BA04123" value="true"/>
</engineerTo>
<sourcePk>32C0BC14-8A71-5BB9-771B-B07579FB65A8</sourcePk>
<identifying>false</identifying>
<nameOnSource>odbywająca</nameOnSource>
<nameOnTarget>odbywa się w</nameOnTarget>
<optionalSource>true</optionalSource>
<optionalTarget>false</optionalTarget>
<sourceCardinality>1</sourceCardinality>
<sourceEntity>A1A31904-92BA-E387-DDDF-1FA1B1F7E154</sourceEntity>
<targetCardinalityString>*</targetCardinalityString>
<targetEntity>81ACC943-5C2C-59E7-9C07-54937D8406E0</targetEntity>
<transferable>true</transferable>
<deleteRule>NO ACTION</deleteRule>
</Relation>