<?xml version = '1.0' encoding = 'UTF-8'?>
<Relation class="oracle.dbtools.crest.model.design.logical.Relation" name="Relation_25" directorySegmentName="seg_0" id="E005E5E0-B6D6-6B3F-FA6E-4CCCCDE31ECC">
<createdBy>anna</createdBy>
<createdTime>2021-11-30 21:37:13 UTC</createdTime>
<ownerDesignName>app</ownerDesignName>
<engineerTo>
<item key="AB9C3F5F-DFC0-15C7-CFC6-1ADF5BA04123" value="true"/>
</engineerTo>
<sourcePk>A9ABA560-0808-C3CA-5806-EC0FE8E45767</sourcePk>
<identifying>true</identifying>
<nameOnSource>członek</nameOnSource>
<nameOnTarget>jest</nameOnTarget>
<optionalSource>true</optionalSource>
<optionalTarget>false</optionalTarget>
<sourceCardinality>1</sourceCardinality>
<sourceEntity>0CD5F412-98DA-3FD4-E37F-F7D179CF9155</sourceEntity>
<targetCardinalityString>*</targetCardinalityString>
<targetEntity>FE31F2CB-A31C-4E15-CD49-981257411F5A</targetEntity>
<transferable>true</transferable>
<deleteRule>NO ACTION</deleteRule>
</Relation>