<?xml version = '1.0' encoding = 'UTF-8'?>
<Relation class="oracle.dbtools.crest.model.design.logical.Relation" name="Relation_9" directorySegmentName="seg_0" id="E1F6A203-5726-685A-0A39-B646C1D83A45">
<createdBy>anna</createdBy>
<createdTime>2021-11-30 21:25:33 UTC</createdTime>
<ownerDesignName>app</ownerDesignName>
<engineerTo>
<item key="AB9C3F5F-DFC0-15C7-CFC6-1ADF5BA04123" value="true"/>
</engineerTo>
<sourcePk>0DA18B0B-17D8-2453-8AB8-95443D72AE29</sourcePk>
<identifying>true</identifying>
<nameOnSource>w rozgrywce</nameOnSource>
<nameOnTarget>w gre</nameOnTarget>
<optionalSource>true</optionalSource>
<optionalTarget>false</optionalTarget>
<sourceCardinality>1</sourceCardinality>
<sourceEntity>245A3C83-EB37-5181-8463-646DC39C2239</sourceEntity>
<targetCardinalityString>*</targetCardinalityString>
<targetEntity>81ACC943-5C2C-59E7-9C07-54937D8406E0</targetEntity>
<transferable>true</transferable>
<deleteRule>NO ACTION</deleteRule>
</Relation>