<?xml version = '1.0' encoding = 'UTF-8'?>
<Relation class="oracle.dbtools.crest.model.design.logical.Relation" name="Relation_23" directorySegmentName="seg_0" id="E2F82688-B575-4279-2405-3CB8A215BBBB">
<createdBy>anna</createdBy>
<createdTime>2021-11-30 21:34:47 UTC</createdTime>
<ownerDesignName>app</ownerDesignName>
<engineerTo>
<item key="AB9C3F5F-DFC0-15C7-CFC6-1ADF5BA04123" value="true"/>
</engineerTo>
<sourcePk>2E8FAB2B-607C-A63C-05D0-9E33FB3FEB80</sourcePk>
<identifying>false</identifying>
<nameOnSource>składający się z</nameOnSource>
<nameOnTarget>w ramach</nameOnTarget>
<optionalSource>true</optionalSource>
<optionalTarget>false</optionalTarget>
<sourceCardinality>1</sourceCardinality>
<sourceEntity>2B5A72BE-6E08-7537-AB39-26ADA4924BBB</sourceEntity>
<targetCardinalityString>*</targetCardinalityString>
<targetEntity>A8AD73E7-1199-1714-D071-9DE926CBFFDC</targetEntity>
<transferable>true</transferable>
<deleteRule>NO ACTION</deleteRule>
</Relation>