<?xml version = '1.0' encoding = 'UTF-8'?>
<Relation class="oracle.dbtools.crest.model.design.logical.Relation" name="Patroni_Wydarzenia" directorySegmentName="seg_0" id="EEDFC0DE-FAB1-84A4-49F8-6B3AE23BCA7A">
<createdBy>anna</createdBy>
<createdTime>2021-11-30 21:35:06 UTC</createdTime>
<ownerDesignName>app</ownerDesignName>
<engineerTo>
<item key="AB9C3F5F-DFC0-15C7-CFC6-1ADF5BA04123" value="true"/>
</engineerTo>
<sourcePk>2E8FAB2B-607C-A63C-05D0-9E33FB3FEB80</sourcePk>
<identifying>false</identifying>
<nameOnSource>ma</nameOnSource>
<nameOnTarget>wspiera</nameOnTarget>
<optionalSource>true</optionalSource>
<optionalTarget>false</optionalTarget>
<sourceCardinality>*</sourceCardinality>
<sourceEntity>2B5A72BE-6E08-7537-AB39-26ADA4924BBB</sourceEntity>
<targetCardinalityString>*</targetCardinalityString>
<targetEntity>3D728E02-7724-BC31-D600-927EEF7ABA95</targetEntity>
<transferable>true</transferable>
<deleteRule>NO ACTION</deleteRule>
</Relation>