<?xml version = '1.0' encoding = 'UTF-8'?>
<Diagram class="oracle.dbtools.crest.swingui.logical.DPVLogical" name="Logical" id="1814D8E2-C01A-D0CC-9FEE-36EC0614D7AE">
<createdBy>anna</createdBy>
<modifiedBy>anna</modifiedBy>
<createdTime>2021-11-30 20:42:49 UTC</createdTime>
<autoRoute>false</autoRoute>
<boxInbox>true</boxInbox>
<showLegend>false</showLegend>
<showLabels>true</showLabels>
<showRelAttributes>false</showRelAttributes>
<gridEnabled>false</gridEnabled>
<showGrid>false</showGrid>
<diagramColor>-1</diagramColor>
<display>false</display>
<notation>1</notation>
<objectViews>
<OView class="oracle.dbtools.crest.swingui.logical.TVEntity" oid="055835C2-17D2-28F1-7094-5A6E292EC869" otype="Entity" vid="BA992605-CFB8-8227-4122-49FB4C91A75D">
<hideElementsInCurrentOnly>false</hideElementsInCurrentOnly>
<bounds x="285" y="563" width="170" height="131"/>
</OView>
<OView class="oracle.dbtools.crest.swingui.logical.TVEntity" oid="0CD5F412-98DA-3FD4-E37F-F7D179CF9155" otype="Entity" vid="22C0F2A4-8763-09E5-C09B-F25411E0395B">
<hideElementsInCurrentOnly>false</hideElementsInCurrentOnly>
<bounds x="496" y="815" width="170" height="123"/>
</OView>
<OView class="oracle.dbtools.crest.swingui.logical.TVEntity" oid="245A3C83-EB37-5181-8463-646DC39C2239" otype="Entity" vid="5EAB4AA2-9712-4F6E-6524-965D8D7E065A">
<hideElementsInCurrentOnly>false</hideElementsInCurrentOnly>
<bounds x="382" y="299" width="170" height="111"/>
</OView>
<OView class="oracle.dbtools.crest.swingui.logical.TVEntity" oid="2B5A72BE-6E08-7537-AB39-26ADA4924BBB" otype="Entity" vid="95BF9A89-4B94-C2C4-B8E8-A2661059166C">
<hideElementsInCurrentOnly>false</hideElementsInCurrentOnly>
<bounds x="948" y="85" width="170" height="112"/>
</OView>
<OView class="oracle.dbtools.crest.swingui.logical.TVEntity" oid="3D728E02-7724-BC31-D600-927EEF7ABA95" otype="Entity" vid="A1CCB202-AD6F-F992-B0E3-D8C51CEF1724">
<hideElementsInCurrentOnly>false</hideElementsInCurrentOnly>
<bounds x="1249" y="81" width="170" height="114"/>
</OView>
<OView class="oracle.dbtools.crest.swingui.logical.TVEntity" oid="3D8A5A20-E056-9318-567F-8BF5261312A1" otype="Entity" vid="0FC39E97-EB69-22C3-1F38-0D74BE8D1A5D">
<hideElementsInCurrentOnly>false</hideElementsInCurrentOnly>
<bounds x="814" y="805" width="170" height="120"/>
</OView>
<OView class="oracle.dbtools.crest.swingui.logical.TVEntity" oid="5EE8D091-5FCB-BAD6-830B-83B8A2194345" otype="Entity" vid="C36FAA06-52A7-F386-2A25-DD90B5415C36">
<hideElementsInCurrentOnly>false</hideElementsInCurrentOnly>
<bounds x="517" y="23" width="170" height="118"/>
</OView>
<OView class="oracle.dbtools.crest.swingui.logical.TVEntity" oid="622068F2-2EA7-19A6-E42F-FBFA9C4E6642" otype="Entity" vid="2C8F22D1-716E-52FE-EB21-5F61A59F3F57">
<hideElementsInCurrentOnly>false</hideElementsInCurrentOnly>
<bounds x="1130" y="1050" width="170" height="124"/>
</OView>
<OView class="oracle.dbtools.crest.swingui.logical.TVEntity" oid="6540A909-897C-2492-FCD8-1D6B61DA6450" otype="Entity" vid="FC3968BA-D159-EFD6-52CE-7CBF66C78FAA">
<hideElementsInCurrentOnly>false</hideElementsInCurrentOnly>
<bounds x="69" y="306" width="170" height="114"/>
</OView>
<OView class="oracle.dbtools.crest.swingui.logical.TVEntity" oid="81ACC943-5C2C-59E7-9C07-54937D8406E0" otype="Entity" vid="F9F45686-6255-2D23-BD9D-CED3C84BDF00">
<hideElementsInCurrentOnly>false</hideElementsInCurrentOnly>
<bounds x="504" y="565" width="170" height="126"/>
</OView>
<OView class="oracle.dbtools.crest.swingui.logical.TVEntity" oid="9F33D251-DD76-9D1E-C7A8-84F15A0DBBAF" otype="Entity" vid="C4CC7209-24DC-F517-7438-6310BEF713F7">
<hideElementsInCurrentOnly>false</hideElementsInCurrentOnly>
<bounds x="280" y="22" width="170" height="110"/>
</OView>
<OView class="oracle.dbtools.crest.swingui.logical.TVEntity" oid="A1A31904-92BA-E387-DDDF-1FA1B1F7E154" otype="Entity" vid="C8204BAD-906D-C819-E8F3-1141412139C3">
<hideElementsInCurrentOnly>false</hideElementsInCurrentOnly>
<bounds x="944" y="562" width="170" height="120"/>
</OView>
<OView class="oracle.dbtools.crest.swingui.logical.TVEntity" oid="A8AD73E7-1199-1714-D071-9DE926CBFFDC" otype="Entity" vid="67A54053-937F-68DA-2F2C-2BD1811E8CD9">
<hideElementsInCurrentOnly>false</hideElementsInCurrentOnly>
<bounds x="952" y="307" width="170" height="118"/>
</OView>
<OView class="oracle.dbtools.crest.swingui.logical.TVEntity" oid="B76D305F-AC6A-EA8C-70A9-56BF2E626755" otype="Entity" vid="99A58C56-B93D-6FCC-B788-84CDA1FA6250">
<hideElementsInCurrentOnly>false</hideElementsInCurrentOnly>
<bounds x="1132" y="769" width="170" height="124"/>
</OView>
<OView class="oracle.dbtools.crest.swingui.logical.TVEntity" oid="DECD7D89-3758-1D42-FC31-0D69274E55FF" otype="Entity" vid="FE1FEC99-E2E4-CF5B-AF10-BCE7CE92C391">
<hideElementsInCurrentOnly>false</hideElementsInCurrentOnly>
<bounds x="698" y="297" width="170" height="112"/>
</OView>
<OView class="oracle.dbtools.crest.swingui.logical.TVEntity" oid="FE31F2CB-A31C-4E15-CD49-981257411F5A" otype="Entity" vid="8BC75E16-A6C5-17FA-AC62-F6497C9AB652">
<hideElementsInCurrentOnly>false</hideElementsInCurrentOnly>
<bounds x="504" y="1052" width="170" height="113"/>
</OView>
</objectViews>
<connectors>
<Connector class="oracle.dbtools.crest.swingui.logical.TVRelation" oid="0E22A948-E40B-4CEC-F6F6-35C776AD2F9C" otype="Relation" vid_source="BA992605-CFB8-8227-4122-49FB4C91A75D" vid_target="22C0F2A4-8763-09E5-C09B-F25411E0395B">
<hideElementsInCurrentOnly>false</hideElementsInCurrentOnly>
<backgroundColor>-16777216</backgroundColor>
<lineWidth>1</lineWidth>
<sourceLabel class="oracle.dbtools.crest.model.design.Label">
<site>0</site>
<labelBounds x="368" y="733" width="96" height="33"/>
<noBackgroundColor>true</noBackgroundColor>
<noForegroundColor>true</noForegroundColor>
</sourceLabel>
<targetLabel class="oracle.dbtools.crest.model.design.Label">
<site>2</site>
<labelBounds x="422" y="878" width="68" height="30"/>
<noBackgroundColor>true</noBackgroundColor>
<noForegroundColor>true</noForegroundColor>
</targetLabel>
<points>
<point x="368" y="694"/>
<point x="368" y="875"/>
<point x="496" y="875"/>
</points>
</Connector>
<Connector class="oracle.dbtools.crest.swingui.logical.TVRelation" oid="129B2B53-2D43-0ABD-CA87-417D6EEC736C" otype="Relation" vid_source="C4CC7209-24DC-F517-7438-6310BEF713F7" vid_target="5EAB4AA2-9712-4F6E-6524-965D8D7E065A">
<hideElementsInCurrentOnly>false</hideElementsInCurrentOnly>
<backgroundColor>-16777216</backgroundColor>
<lineWidth>1</lineWidth>
<sourceLabel class="oracle.dbtools.crest.model.design.Label">
<site>0</site>
<labelBounds x="416" y="168" width="51" height="30"/>
<noBackgroundColor>true</noBackgroundColor>
<noForegroundColor>true</noForegroundColor>
</sourceLabel>
<targetLabel class="oracle.dbtools.crest.model.design.Label">
<site>2</site>
<labelBounds x="416" y="263" width="89" height="30"/>
<noBackgroundColor>true</noBackgroundColor>
<noForegroundColor>true</noForegroundColor>
</targetLabel>
<points>
<point x="416" y="132"/>
<point x="416" y="299"/>
</points>
</Connector>
<Connector class="oracle.dbtools.crest.swingui.logical.TVRelation" oid="202193EB-9039-C058-5603-DA8331020193" otype="Relation" vid_source="22C0F2A4-8763-09E5-C09B-F25411E0395B" vid_target="F9F45686-6255-2D23-BD9D-CED3C84BDF00">
<hideElementsInCurrentOnly>false</hideElementsInCurrentOnly>
<backgroundColor>-16777216</backgroundColor>
<lineWidth>1</lineWidth>
<sourceLabel class="oracle.dbtools.crest.model.design.Label">
<site>0</site>
<labelBounds x="525" y="771" width="86" height="30"/>
<noBackgroundColor>true</noBackgroundColor>
<noForegroundColor>true</noForegroundColor>
</sourceLabel>
<targetLabel class="oracle.dbtools.crest.model.design.Label">
<site>2</site>
<labelBounds x="525" y="727" width="49" height="30"/>
<noBackgroundColor>true</noBackgroundColor>
<noForegroundColor>true</noForegroundColor>
</targetLabel>
<points>
<point x="525" y="815"/>
<point x="525" y="691"/>
</points>
</Connector>
<Connector class="oracle.dbtools.crest.swingui.logical.TVRelation" oid="4179011B-FD89-118F-1741-AEF282994DF9" otype="Relation" vid_source="67A54053-937F-68DA-2F2C-2BD1811E8CD9" vid_target="99A58C56-B93D-6FCC-B788-84CDA1FA6250">
<hideElementsInCurrentOnly>false</hideElementsInCurrentOnly>
<backgroundColor>-16777216</backgroundColor>
<lineWidth>1</lineWidth>
<sourceLabel class="oracle.dbtools.crest.model.design.Label">
<site>0</site>
<labelBounds x="1132" y="344" width="88" height="30"/>
<noBackgroundColor>true</noBackgroundColor>
<noForegroundColor>true</noForegroundColor>
</sourceLabel>
<targetLabel class="oracle.dbtools.crest.model.design.Label">
<site>2</site>
<labelBounds x="1225" y="733" width="98" height="30"/>
<noBackgroundColor>true</noBackgroundColor>
<noForegroundColor>true</noForegroundColor>
</targetLabel>
<points>
<point x="1122" y="374"/>
<point x="1225" y="374"/>
<point x="1225" y="769"/>
</points>
</Connector>
<Connector class="oracle.dbtools.crest.swingui.logical.TVRelation" oid="68B9B18A-190C-7EF6-C69B-96FF25B40042" otype="Relation" vid_source="5EAB4AA2-9712-4F6E-6524-965D8D7E065A" vid_target="BA992605-CFB8-8227-4122-49FB4C91A75D">
<hideElementsInCurrentOnly>false</hideElementsInCurrentOnly>
<backgroundColor>-16777216</backgroundColor>
<lineWidth>1</lineWidth>
<sourceLabel class="oracle.dbtools.crest.model.design.Label">
<site>0</site>
<labelBounds x="403" y="459" width="61" height="35"/>
<noBackgroundColor>true</noBackgroundColor>
<noForegroundColor>true</noForegroundColor>
</sourceLabel>
<targetLabel class="oracle.dbtools.crest.model.design.Label">
<site>2</site>
<labelBounds x="403" y="519" width="69" height="30"/>
<noBackgroundColor>true</noBackgroundColor>
<noForegroundColor>true</noForegroundColor>
</targetLabel>
<points>
<point x="403" y="410"/>
<point x="403" y="563"/>
</points>
</Connector>
<Connector class="oracle.dbtools.crest.swingui.logical.TVRelation" oid="6DCBA962-83AC-4F48-236C-E9DBB6CEA76C" otype="Relation" vid_source="8BC75E16-A6C5-17FA-AC62-F6497C9AB652" vid_target="0FC39E97-EB69-22C3-1F38-0D74BE8D1A5D">
<hideElementsInCurrentOnly>false</hideElementsInCurrentOnly>
<backgroundColor>-16777216</backgroundColor>
<lineWidth>1</lineWidth>
<sourceLabel class="oracle.dbtools.crest.model.design.Label">
<site>0</site>
<labelBounds x="684" y="1051" width="72" height="30"/>
<noBackgroundColor>true</noBackgroundColor>
<noForegroundColor>true</noForegroundColor>
</sourceLabel>
<targetLabel class="oracle.dbtools.crest.model.design.Label">
<site>2</site>
<labelBounds x="892" y="961" width="75" height="30"/>
<noBackgroundColor>true</noBackgroundColor>
<noForegroundColor>true</noForegroundColor>
</targetLabel>
<points>
<point x="674" y="1081"/>
<point x="892" y="1081"/>
<point x="892" y="925"/>
</points>
</Connector>
<Connector class="oracle.dbtools.crest.swingui.logical.TVRelation" oid="6EC0BCD7-A46A-68CC-DCF3-A5AB8477232E" otype="Relation" vid_source="FE1FEC99-E2E4-CF5B-AF10-BCE7CE92C391" vid_target="2C8F22D1-716E-52FE-EB21-5F61A59F3F57">
<hideElementsInCurrentOnly>false</hideElementsInCurrentOnly>
<backgroundColor>-16777216</backgroundColor>
<lineWidth>1</lineWidth>
<sourceLabel class="oracle.dbtools.crest.model.design.Label">
<site>0</site>
<labelBounds x="798" y="445" width="24" height="30"/>
<noBackgroundColor>true</noBackgroundColor>
<noForegroundColor>true</noForegroundColor>
</sourceLabel>
<targetLabel class="oracle.dbtools.crest.model.design.Label">
<site>2</site>
<labelBounds x="1093" y="1150" width="31" height="30"/>
<noBackgroundColor>true</noBackgroundColor>
<noForegroundColor>true</noForegroundColor>
</targetLabel>
<points>
<point x="798" y="409"/>
<point x="798" y="1147"/>
<point x="1130" y="1147"/>
</points>
</Connector>
<Connector class="oracle.dbtools.crest.swingui.logical.TVRelation" oid="70E64B62-B3E6-C3BD-7AE9-7A98A2FF3CEC" otype="Relation" vid_source="FC3968BA-D159-EFD6-52CE-7CBF66C78FAA" vid_target="5EAB4AA2-9712-4F6E-6524-965D8D7E065A">
<hideElementsInCurrentOnly>false</hideElementsInCurrentOnly>
<backgroundColor>-16777216</backgroundColor>
<lineWidth>1</lineWidth>
<sourceLabel class="oracle.dbtools.crest.model.design.Label">
<site>0</site>
<labelBounds x="249" y="321" width="70" height="31"/>
<noBackgroundColor>true</noBackgroundColor>
<noForegroundColor>true</noForegroundColor>
</sourceLabel>
<targetLabel class="oracle.dbtools.crest.model.design.Label">
<site>2</site>
<labelBounds x="327" y="355" width="49" height="31"/>
<noBackgroundColor>true</noBackgroundColor>
<noForegroundColor>true</noForegroundColor>
</targetLabel>
<points>
<point x="239" y="352"/>
<point x="382" y="352"/>
</points>
</Connector>
<Connector class="oracle.dbtools.crest.swingui.logical.TVRelation" oid="795923FE-82F6-235E-BA47-A6289F7187B2" otype="Relation" vid_source="2C8F22D1-716E-52FE-EB21-5F61A59F3F57" vid_target="99A58C56-B93D-6FCC-B788-84CDA1FA6250">
<hideElementsInCurrentOnly>false</hideElementsInCurrentOnly>
<backgroundColor>-16777216</backgroundColor>
<lineWidth>1</lineWidth>
<sourceLabel class="oracle.dbtools.crest.model.design.Label">
<site>0</site>
<labelBounds x="1180" y="1015" width="84" height="29"/>
<noBackgroundColor>true</noBackgroundColor>
<noForegroundColor>true</noForegroundColor>
</sourceLabel>
<targetLabel class="oracle.dbtools.crest.model.design.Label">
<site>2</site>
<labelBounds x="1178" y="928" width="47" height="31"/>
<noBackgroundColor>true</noBackgroundColor>
<noForegroundColor>true</noForegroundColor>
</targetLabel>
<points>
<point x="1180" y="1050"/>
<point x="1178" y="893"/>
</points>
</Connector>
<Connector class="oracle.dbtools.crest.swingui.logical.TVRelation" oid="7D3BDD98-0732-BC11-5B87-E049DA260C7B" otype="Relation" vid_source="22C0F2A4-8763-09E5-C09B-F25411E0395B" vid_target="FE1FEC99-E2E4-CF5B-AF10-BCE7CE92C391">
<hideElementsInCurrentOnly>false</hideElementsInCurrentOnly>
<backgroundColor>-16777216</backgroundColor>
<lineWidth>1</lineWidth>
<sourceLabel class="oracle.dbtools.crest.model.design.Label">
<site>0</site>
<labelBounds x="676" y="836" width="31" height="30"/>
<noBackgroundColor>true</noBackgroundColor>
<noForegroundColor>true</noForegroundColor>
</sourceLabel>
<targetLabel class="oracle.dbtools.crest.model.design.Label">
<site>2</site>
<labelBounds x="758" y="453" width="24" height="30"/>
<noBackgroundColor>true</noBackgroundColor>
<noForegroundColor>true</noForegroundColor>
</targetLabel>
<points>
<point x="666" y="866"/>
<point x="758" y="866"/>
<point x="758" y="409"/>
</points>
</Connector>
<Connector class="oracle.dbtools.crest.swingui.logical.TVRelation" oid="8F1FED59-4702-7FB9-74BE-207F0DBB6E53" otype="Relation" vid_source="67A54053-937F-68DA-2F2C-2BD1811E8CD9" vid_target="C8204BAD-906D-C819-E8F3-1141412139C3">
<hideElementsInCurrentOnly>false</hideElementsInCurrentOnly>
<backgroundColor>-16777216</backgroundColor>
<lineWidth>1</lineWidth>
<sourceLabel class="oracle.dbtools.crest.model.design.Label">
<site>0</site>
<labelBounds x="1033" y="469" width="77" height="30"/>
<noBackgroundColor>true</noBackgroundColor>
<noForegroundColor>true</noForegroundColor>
</sourceLabel>
<targetLabel class="oracle.dbtools.crest.model.design.Label">
<site>2</site>
<labelBounds x="1033" y="522" width="104" height="34"/>
<noBackgroundColor>true</noBackgroundColor>
<noForegroundColor>true</noForegroundColor>
</targetLabel>
<points>
<point x="1033" y="425"/>
<point x="1033" y="562"/>
</points>
</Connector>
<Connector class="oracle.dbtools.crest.swingui.logical.TVRelation" oid="A1F8ECC6-E278-61DC-DFEE-8EBCDFE40756" otype="Relation" vid_source="C36FAA06-52A7-F386-2A25-DD90B5415C36" vid_target="5EAB4AA2-9712-4F6E-6524-965D8D7E065A">
<hideElementsInCurrentOnly>false</hideElementsInCurrentOnly>
<backgroundColor>-16777216</backgroundColor>
<lineWidth>1</lineWidth>
<sourceLabel class="oracle.dbtools.crest.model.design.Label">
<site>0</site>
<labelBounds x="534" y="178" width="58" height="31"/>
<noBackgroundColor>true</noBackgroundColor>
<noForegroundColor>true</noForegroundColor>
</sourceLabel>
<targetLabel class="oracle.dbtools.crest.model.design.Label">
<site>2</site>
<labelBounds x="534" y="238" width="52" height="31"/>
<noBackgroundColor>true</noBackgroundColor>
<noForegroundColor>true</noForegroundColor>
</targetLabel>
<points>
<point x="534" y="141"/>
<point x="534" y="299"/>
</points>
</Connector>
<Connector class="oracle.dbtools.crest.swingui.logical.TVRelation" oid="A6E0F53D-CC0A-50F0-00B7-CD67941D6B99" otype="Relation" vid_source="FE1FEC99-E2E4-CF5B-AF10-BCE7CE92C391" vid_target="5EAB4AA2-9712-4F6E-6524-965D8D7E065A">
<hideElementsInCurrentOnly>false</hideElementsInCurrentOnly>
<backgroundColor>-16777216</backgroundColor>
<lineWidth>1</lineWidth>
<sourceLabel class="oracle.dbtools.crest.model.design.Label">
<site>0</site>
<labelBounds x="640" y="324" width="52" height="30"/>
<noBackgroundColor>true</noBackgroundColor>
<noForegroundColor>true</noForegroundColor>
</sourceLabel>
<targetLabel class="oracle.dbtools.crest.model.design.Label">
<site>2</site>
<labelBounds x="562" y="357" width="92" height="30"/>
<noBackgroundColor>true</noBackgroundColor>
<noForegroundColor>true</noForegroundColor>
</targetLabel>
<points>
<point x="698" y="354"/>
<point x="552" y="354"/>
</points>
</Connector>
<Connector class="oracle.dbtools.crest.swingui.logical.TVRelation" oid="B1858F8D-8323-7C79-3F06-E72C02CA897E" otype="Relation" vid_source="8BC75E16-A6C5-17FA-AC62-F6497C9AB652" vid_target="2C8F22D1-716E-52FE-EB21-5F61A59F3F57">
<hideElementsInCurrentOnly>false</hideElementsInCurrentOnly>
<backgroundColor>-16777216</backgroundColor>
<lineWidth>1</lineWidth>
<sourceLabel class="oracle.dbtools.crest.model.design.Label">
<site>0</site>
<labelBounds x="684" y="1078" width="64" height="30"/>
<noBackgroundColor>true</noBackgroundColor>
<noForegroundColor>true</noForegroundColor>
</sourceLabel>
<targetLabel class="oracle.dbtools.crest.model.design.Label">
<site>2</site>
<labelBounds x="1073" y="1111" width="51" height="30"/>
<noBackgroundColor>true</noBackgroundColor>
<noForegroundColor>true</noForegroundColor>
</targetLabel>
<points>
<point x="674" y="1108"/>
<point x="1130" y="1108"/>
</points>
</Connector>
<Connector class="oracle.dbtools.crest.swingui.logical.TVRelation" oid="C6A40842-723A-C134-2B3C-77A2BDAAE6CE" otype="Relation" vid_source="99A58C56-B93D-6FCC-B788-84CDA1FA6250" vid_target="0FC39E97-EB69-22C3-1F38-0D74BE8D1A5D">
<hideElementsInCurrentOnly>false</hideElementsInCurrentOnly>
<backgroundColor>-16777216</backgroundColor>
<lineWidth>1</lineWidth>
<sourceLabel class="oracle.dbtools.crest.model.design.Label">
<site>0</site>
<labelBounds x="1065" y="804" width="61" height="30"/>
<noBackgroundColor>true</noBackgroundColor>
<noForegroundColor>true</noForegroundColor>
</sourceLabel>
<targetLabel class="oracle.dbtools.crest.model.design.Label">
<site>2</site>
<labelBounds x="994" y="837" width="75" height="30"/>
<noBackgroundColor>true</noBackgroundColor>
<noForegroundColor>true</noForegroundColor>
</targetLabel>
<points>
<point x="1132" y="834"/>
<point x="984" y="834"/>
</points>
</Connector>
<Connector class="oracle.dbtools.crest.swingui.logical.TVRelation" oid="D2AB7D88-3118-3AE9-3A0B-C668133F886A" otype="Relation" vid_source="2C8F22D1-716E-52FE-EB21-5F61A59F3F57" vid_target="99A58C56-B93D-6FCC-B788-84CDA1FA6250">
<hideElementsInCurrentOnly>false</hideElementsInCurrentOnly>
<backgroundColor>-16777216</backgroundColor>
<lineWidth>1</lineWidth>
<sourceLabel class="oracle.dbtools.crest.model.design.Label">
<site>0</site>
<labelBounds x="1246" y="990" width="86" height="30"/>
<noBackgroundColor>true</noBackgroundColor>
<noForegroundColor>true</noForegroundColor>
</sourceLabel>
<targetLabel class="oracle.dbtools.crest.model.design.Label">
<site>2</site>
<labelBounds x="1246" y="953" width="49" height="30"/>
<noBackgroundColor>true</noBackgroundColor>
<noForegroundColor>true</noForegroundColor>
</targetLabel>
<points>
<point x="1246" y="1050"/>
<point x="1246" y="893"/>
</points>
</Connector>
<Connector class="oracle.dbtools.crest.swingui.logical.TVRelation" oid="D9CAA303-E27C-2453-0B96-9A48AD8AA5AA" otype="Relation" vid_source="C8204BAD-906D-C819-E8F3-1141412139C3" vid_target="F9F45686-6255-2D23-BD9D-CED3C84BDF00">
<hideElementsInCurrentOnly>false</hideElementsInCurrentOnly>
<backgroundColor>-16777216</backgroundColor>
<lineWidth>1</lineWidth>
<sourceLabel class="oracle.dbtools.crest.model.design.Label">
<site>0</site>
<labelBounds x="861" y="593" width="77" height="30"/>
<noBackgroundColor>true</noBackgroundColor>
<noForegroundColor>true</noForegroundColor>
</sourceLabel>
<targetLabel class="oracle.dbtools.crest.model.design.Label">
<site>2</site>
<labelBounds x="684" y="626" width="72" height="30"/>
<noBackgroundColor>true</noBackgroundColor>
<noForegroundColor>true</noForegroundColor>
</targetLabel>
<points>
<point x="944" y="623"/>
<point x="674" y="623"/>
</points>
</Connector>
<Connector class="oracle.dbtools.crest.swingui.logical.TVRelation" oid="E005E5E0-B6D6-6B3F-FA6E-4CCCCDE31ECC" otype="Relation" vid_source="22C0F2A4-8763-09E5-C09B-F25411E0395B" vid_target="8BC75E16-A6C5-17FA-AC62-F6497C9AB652">
<hideElementsInCurrentOnly>false</hideElementsInCurrentOnly>
<backgroundColor>-16777216</backgroundColor>
<lineWidth>1</lineWidth>
<sourceLabel class="oracle.dbtools.crest.model.design.Label">
<site>0</site>
<labelBounds x="585" y="998" width="51" height="30"/>
<noBackgroundColor>true</noBackgroundColor>
<noForegroundColor>true</noForegroundColor>
</sourceLabel>
<targetLabel class="oracle.dbtools.crest.model.design.Label">
<site>2</site>
<labelBounds x="585" y="1000" width="31" height="30"/>
<noBackgroundColor>true</noBackgroundColor>
<noForegroundColor>true</noForegroundColor>
</targetLabel>
<points>
<point x="585" y="938"/>
<point x="585" y="1052"/>
</points>
</Connector>
<Connector class="oracle.dbtools.crest.swingui.logical.TVRelation" oid="E1F6A203-5726-685A-0A39-B646C1D83A45" otype="Relation" vid_source="5EAB4AA2-9712-4F6E-6524-965D8D7E065A" vid_target="F9F45686-6255-2D23-BD9D-CED3C84BDF00">
<hideElementsInCurrentOnly>false</hideElementsInCurrentOnly>
<backgroundColor>-16777216</backgroundColor>
<lineWidth>1</lineWidth>
<sourceLabel class="oracle.dbtools.crest.model.design.Label">
<site>0</site>
<labelBounds x="543" y="486" width="72" height="30"/>
<noBackgroundColor>true</noBackgroundColor>
<noForegroundColor>true</noForegroundColor>
</sourceLabel>
<targetLabel class="oracle.dbtools.crest.model.design.Label">
<site>2</site>
<labelBounds x="543" y="513" width="40" height="30"/>
<noBackgroundColor>true</noBackgroundColor>
<noForegroundColor>true</noForegroundColor>
</targetLabel>
<points>
<point x="543" y="410"/>
<point x="543" y="565"/>
</points>
</Connector>
<Connector class="oracle.dbtools.crest.swingui.logical.TVRelation" oid="E2F82688-B575-4279-2405-3CB8A215BBBB" otype="Relation" vid_source="95BF9A89-4B94-C2C4-B8E8-A2661059166C" vid_target="67A54053-937F-68DA-2F2C-2BD1811E8CD9">
<hideElementsInCurrentOnly>false</hideElementsInCurrentOnly>
<backgroundColor>-16777216</backgroundColor>
<lineWidth>1</lineWidth>
<sourceLabel class="oracle.dbtools.crest.model.design.Label">
<site>0</site>
<labelBounds x="1035" y="233" width="88" height="30"/>
<noBackgroundColor>true</noBackgroundColor>
<noForegroundColor>true</noForegroundColor>
</sourceLabel>
<targetLabel class="oracle.dbtools.crest.model.design.Label">
<site>2</site>
<labelBounds x="1035" y="255" width="61" height="30"/>
<noBackgroundColor>true</noBackgroundColor>
<noForegroundColor>true</noForegroundColor>
</targetLabel>
<points>
<point x="1035" y="197"/>
<point x="1035" y="307"/>
</points>
</Connector>
<Connector class="oracle.dbtools.crest.swingui.logical.TVRelation" oid="EEB75AE8-6C50-0093-2723-B1E20AEDD0B6" otype="Relation" vid_source="22C0F2A4-8763-09E5-C09B-F25411E0395B" vid_target="F9F45686-6255-2D23-BD9D-CED3C84BDF00">
<hideElementsInCurrentOnly>false</hideElementsInCurrentOnly>
<backgroundColor>-16777216</backgroundColor>
<lineWidth>1</lineWidth>
<sourceLabel class="oracle.dbtools.crest.model.design.Label">
<site>0</site>
<labelBounds x="615" y="761" width="86" height="16"/>
<noBackgroundColor>true</noBackgroundColor>
<noForegroundColor>true</noForegroundColor>
</sourceLabel>
<targetLabel class="oracle.dbtools.crest.model.design.Label">
<site>2</site>
<labelBounds x="615" y="737" width="49" height="30"/>
<noBackgroundColor>true</noBackgroundColor>
<noForegroundColor>true</noForegroundColor>
</targetLabel>
<points>
<point x="615" y="815"/>
<point x="615" y="691"/>
</points>
</Connector>
<Connector class="oracle.dbtools.crest.swingui.logical.TVRelation" oid="EEDFC0DE-FAB1-84A4-49F8-6B3AE23BCA7A" otype="Relation" vid_source="95BF9A89-4B94-C2C4-B8E8-A2661059166C" vid_target="A1CCB202-AD6F-F992-B0E3-D8C51CEF1724">
<hideElementsInCurrentOnly>false</hideElementsInCurrentOnly>
<backgroundColor>-16777216</backgroundColor>
<lineWidth>1</lineWidth>
<sourceLabel class="oracle.dbtools.crest.model.design.Label">
<site>0</site>
<labelBounds x="1128" y="110" width="30" height="30"/>
<noBackgroundColor>true</noBackgroundColor>
<noForegroundColor>true</noForegroundColor>
</sourceLabel>
<targetLabel class="oracle.dbtools.crest.model.design.Label">
<site>2</site>
<labelBounds x="1193" y="143" width="50" height="30"/>
<noBackgroundColor>true</noBackgroundColor>
<noForegroundColor>true</noForegroundColor>
</targetLabel>
<points>
<point x="1118" y="140"/>
<point x="1249" y="140"/>
</points>
</Connector>
</connectors>
<arcs>
<Arc class="oracle.dbtools.crest.swingui.logical.TVArc" oid="DAB4CBBD-6761-F9B2-59FF-FA61068D5FB0" otype="Arc" vid="1289CBBF-A240-30C8-BAA7-BF974B4E1CEE">
<hideElementsInCurrentOnly>false</hideElementsInCurrentOnly>
<bounds x="678" y="277" width="210" height="152"/>
</Arc>
</arcs>
</Diagram>