<?xml version = '1.0' encoding = 'UTF-8'?>
<FKArc class="oracle.dbtools.crest.model.design.relational.FKArc" directorySegmentName="seg_0" id="3B8F2275-BB63-7A1E-E465-C0B09F297B1A" name="Arc_1">
<createdBy>anna</createdBy>
<createdTime>2021-12-10 18:57:59 UTC</createdTime>
<ownerDesignName>app</ownerDesignName>
<mandatory>true</mandatory>
<table>B9705F00-83CE-C532-A622-F3D8DE16458F</table>
<fkeys>
<fkeyID>40F14EE0-9DA4-9A8A-82EA-6255E770ED85</fkeyID>
<fkeyID>366B9B5F-D122-D45A-4F3C-6F59C3A98C6C</fkeyID>
</fkeys>
</FKArc>