<?xml version = '1.0' encoding = 'UTF-8'?>
<Entity class="oracle.dbtools.crest.model.design.logical.Entity" directorySegmentName="seg_0" id="055835C2-17D2-28F1-7094-5A6E292EC869" name="Gracz_gra_ocena">
<createdBy>anna</createdBy>
<createdTime>2021-11-30 21:03:48 UTC</createdTime>
<ownerDesignName>app</ownerDesignName>
<engineerTo>
<item key="AB9C3F5F-DFC0-15C7-CFC6-1ADF5BA04123" value="true"/>
</engineerTo>
<adequatelyNormalized>NO</adequatelyNormalized>
<expectedVolumes>0</expectedVolumes>
<fwdEngineeringStrategyName>Single Table</fwdEngineeringStrategyName>
<growthPercent>0</growthPercent>
<growthType>Year</growthType>
<maxVolumes>9999999</maxVolumes>
<minVolumes>0</minVolumes>
<normalForm>Third</normalForm>
<preferredAbbreviation>Gracz_gry_oceny</preferredAbbreviation>
<shortName>Gracz_ocena</shortName>
<attributes itemClass="oracle.dbtools.crest.model.design.logical.Attribute">
<Attribute name="Ocena" id="6C2E7106-416A-5F7B-543B-F64FFFF6C4AC">
<createdBy>anna</createdBy>
<createdTime>2021-11-30 21:04:47 UTC</createdTime>
<ownerDesignName>app</ownerDesignName>
<engineerTo>
<item key="AB9C3F5F-DFC0-15C7-CFC6-1ADF5BA04123" value="true"/>
</engineerTo>
<useDomainConstraints>false</useDomainConstraints>
<use>1</use>
<logicalDatatype>LOGDT011</logicalDatatype>
<ownDataTypeParameters>,,</ownDataTypeParameters>
</Attribute>
<Attribute name="Tytuł" id="70910CF6-3B6A-D3A9-C5E5-50F350995AC5">
<createdBy>anna</createdBy>
<createdTime>2021-11-30 21:59:41 UTC</createdTime>
<generatorID>68B9B18A-190C-7EF6-C69B-96FF25B40042</generatorID>
<ownerDesignName>app</ownerDesignName>
<engineerTo>
<item key="AB9C3F5F-DFC0-15C7-CFC6-1ADF5BA04123" value="true"/>
</engineerTo>
<referedAttribute>85DD8A7C-53EE-7A9D-2A70-653623704316</referedAttribute>
<useDomainConstraints>false</useDomainConstraints>
<use>1</use>
<logicalDatatype>LOGDT024</logicalDatatype>
<dataTypeSize>30 CHAR</dataTypeSize>
<ownDataTypeParameters>,,</ownDataTypeParameters>
</Attribute>
<Attribute name="Imię" id="0484F062-3BCB-C8CB-F1DF-3E484DC001C9">
<createdBy>anna</createdBy>
<createdTime>2021-11-30 22:00:10 UTC</createdTime>
<generatorID>0E22A948-E40B-4CEC-F6F6-35C776AD2F9C</generatorID>
<ownerDesignName>app</ownerDesignName>
<engineerTo>
<item key="AB9C3F5F-DFC0-15C7-CFC6-1ADF5BA04123" value="true"/>
</engineerTo>
<referedAttribute>EB5C94EA-A1E1-7DFD-20A8-24D9C1BCC67C</referedAttribute>
<useDomainConstraints>false</useDomainConstraints>
<use>1</use>
<logicalDatatype>LOGDT024</logicalDatatype>
<dataTypeSize>20 CHAR</dataTypeSize>
<ownDataTypeParameters>,,</ownDataTypeParameters>
</Attribute>
<Attribute name="Nazwisko" id="F32CB7A9-13F3-7162-694E-D1278EEF45C8">
<createdBy>anna</createdBy>
<createdTime>2021-11-30 22:00:10 UTC</createdTime>
<generatorID>0E22A948-E40B-4CEC-F6F6-35C776AD2F9C</generatorID>
<ownerDesignName>app</ownerDesignName>
<engineerTo>
<item key="AB9C3F5F-DFC0-15C7-CFC6-1ADF5BA04123" value="true"/>
</engineerTo>
<referedAttribute>48356576-7998-3051-6EB9-75A446155D79</referedAttribute>
<useDomainConstraints>false</useDomainConstraints>
<use>1</use>
<logicalDatatype>LOGDT024</logicalDatatype>
<dataTypeSize>30 CHAR</dataTypeSize>
<ownDataTypeParameters>30 CHAR,,</ownDataTypeParameters>
</Attribute>
</attributes>
<identifiers itemClass="oracle.dbtools.crest.model.design.logical.CandidateKey">
<identifier id="14FE0562-E3F9-1D5B-2F39-E24DF4208A06" name="Gracz_gra_ocena PK">
<createdBy>anna</createdBy>
<createdTime>2021-11-30 21:05:05 UTC</createdTime>
<ownerDesignName>app</ownerDesignName>
<shouldEngineer>false</shouldEngineer>
<engineerTo>
<item key="AB9C3F5F-DFC0-15C7-CFC6-1ADF5BA04123" value="false"/>
</engineerTo>
<pk>true</pk>
<usedAttributes>
<attributeRef>6C2E7106-416A-5F7B-543B-F64FFFF6C4AC</attributeRef>
<attributeRef>0484F062-3BCB-C8CB-F1DF-3E484DC001C9</attributeRef>
<attributeRef>F32CB7A9-13F3-7162-694E-D1278EEF45C8</attributeRef>
<attributeRef>70910CF6-3B6A-D3A9-C5E5-50F350995AC5</attributeRef>
</usedAttributes>
</identifier>
</identifiers>
</Entity>