<?xml version = '1.0' encoding = 'UTF-8'?>
<Entity class="oracle.dbtools.crest.model.design.logical.Entity" directorySegmentName="seg_0" id="0CD5F412-98DA-3FD4-E37F-F7D179CF9155" name="Gracz">
<createdBy>anna</createdBy>
<createdTime>2021-11-30 21:06:02 UTC</createdTime>
<ownerDesignName>app</ownerDesignName>
<engineerTo>
<item key="AB9C3F5F-DFC0-15C7-CFC6-1ADF5BA04123" value="true"/>
</engineerTo>
<adequatelyNormalized>NO</adequatelyNormalized>
<expectedVolumes>0</expectedVolumes>
<fwdEngineeringStrategyName>Single Table</fwdEngineeringStrategyName>
<growthPercent>0</growthPercent>
<growthType>Year</growthType>
<maxVolumes>9999999</maxVolumes>
<minVolumes>0</minVolumes>
<normalForm>Third</normalForm>
<preferredAbbreviation>Gracze</preferredAbbreviation>
<shortName>Gracz</shortName>
<createSurrogateKey>true</createSurrogateKey>
<attributes itemClass="oracle.dbtools.crest.model.design.logical.Attribute">
<Attribute name="Imię" id="EB5C94EA-A1E1-7DFD-20A8-24D9C1BCC67C">
<createdBy>anna</createdBy>
<createdTime>2021-11-30 21:06:10 UTC</createdTime>
<ownerDesignName>app</ownerDesignName>
<engineerTo>
<item key="AB9C3F5F-DFC0-15C7-CFC6-1ADF5BA04123" value="true"/>
</engineerTo>
<useDomainConstraints>false</useDomainConstraints>
<use>1</use>
<logicalDatatype>LOGDT024</logicalDatatype>
<dataTypeSize>20 CHAR</dataTypeSize>
<ownDataTypeParameters>20 CHAR,,</ownDataTypeParameters>
</Attribute>
<Attribute name="Nazwisko" id="48356576-7998-3051-6EB9-75A446155D79">
<createdBy>anna</createdBy>
<createdTime>2021-11-30 21:06:22 UTC</createdTime>
<ownerDesignName>app</ownerDesignName>
<engineerTo>
<item key="AB9C3F5F-DFC0-15C7-CFC6-1ADF5BA04123" value="true"/>
</engineerTo>
<useDomainConstraints>false</useDomainConstraints>
<use>1</use>
<logicalDatatype>LOGDT024</logicalDatatype>
<dataTypeSize>30 CHAR</dataTypeSize>
<ownDataTypeParameters>30 CHAR,,</ownDataTypeParameters>
</Attribute>
</attributes>
<identifiers itemClass="oracle.dbtools.crest.model.design.logical.CandidateKey">
<identifier id="A9ABA560-0808-C3CA-5806-EC0FE8E45767" name="Gracz PK">
<createdBy>anna</createdBy>
<createdTime>2021-11-30 21:06:18 UTC</createdTime>
<ownerDesignName>app</ownerDesignName>
<shouldEngineer>false</shouldEngineer>
<engineerTo>
<item key="AB9C3F5F-DFC0-15C7-CFC6-1ADF5BA04123" value="false"/>
</engineerTo>
<pk>true</pk>
<usedAttributes>
<attributeRef>EB5C94EA-A1E1-7DFD-20A8-24D9C1BCC67C</attributeRef>
<attributeRef>48356576-7998-3051-6EB9-75A446155D79</attributeRef>
</usedAttributes>
</identifier>
</identifiers>
</Entity>