<?xml version = '1.0' encoding = 'UTF-8'?>
<Entity class="oracle.dbtools.crest.model.design.logical.Entity" directorySegmentName="seg_0" id="245A3C83-EB37-5181-8463-646DC39C2239" name="Gra">
<createdBy>anna</createdBy>
<createdTime>2021-11-30 20:53:33 UTC</createdTime>
<ownerDesignName>app</ownerDesignName>
<engineerTo>
<item key="AB9C3F5F-DFC0-15C7-CFC6-1ADF5BA04123" value="true"/>
</engineerTo>
<adequatelyNormalized>NO</adequatelyNormalized>
<expectedVolumes>0</expectedVolumes>
<fwdEngineeringStrategyName>Single Table</fwdEngineeringStrategyName>
<growthPercent>0</growthPercent>
<growthType>Year</growthType>
<maxVolumes>9999999</maxVolumes>
<minVolumes>0</minVolumes>
<normalForm>Third</normalForm>
<preferredAbbreviation>Gry</preferredAbbreviation>
<shortName>Gra</shortName>
<attributes itemClass="oracle.dbtools.crest.model.design.logical.Attribute">
<Attribute name="Tytuł" id="85DD8A7C-53EE-7A9D-2A70-653623704316">
<createdBy>anna</createdBy>
<createdTime>2021-11-30 20:53:46 UTC</createdTime>
<ownerDesignName>app</ownerDesignName>
<engineerTo>
<item key="AB9C3F5F-DFC0-15C7-CFC6-1ADF5BA04123" value="true"/>
</engineerTo>
<useDomainConstraints>false</useDomainConstraints>
<use>1</use>
<logicalDatatype>LOGDT024</logicalDatatype>
<dataTypeSize>30 CHAR</dataTypeSize>
<ownDataTypeParameters>30 CHAR,,</ownDataTypeParameters>
</Attribute>
<Attribute name="Imię" id="8AEBFFB7-F84D-228A-380B-EE229C8BA6DD">
<createdBy>anna</createdBy>
<createdTime>2021-11-30 21:19:59 UTC</createdTime>
<generatorID>129B2B53-2D43-0ABD-CA87-417D6EEC736C</generatorID>
<ownerDesignName>app</ownerDesignName>
<engineerTo>
<item key="AB9C3F5F-DFC0-15C7-CFC6-1ADF5BA04123" value="true"/>
</engineerTo>
<referedAttribute>7143DE8B-F732-83B4-501F-F894C96051CD</referedAttribute>
<useDomainConstraints>false</useDomainConstraints>
<use>1</use>
<logicalDatatype>LOGDT024</logicalDatatype>
<dataTypeSize>20 CHAR</dataTypeSize>
<ownDataTypeParameters>20 CHAR,,</ownDataTypeParameters>
</Attribute>
<Attribute name="Nazwisko" id="54895055-48F9-C6E2-FCC0-8B10F81B83CB">
<createdBy>anna</createdBy>
<createdTime>2021-11-30 21:19:59 UTC</createdTime>
<generatorID>129B2B53-2D43-0ABD-CA87-417D6EEC736C</generatorID>
<ownerDesignName>app</ownerDesignName>
<engineerTo>
<item key="AB9C3F5F-DFC0-15C7-CFC6-1ADF5BA04123" value="true"/>
</engineerTo>
<referedAttribute>F318600E-39E4-E2EE-C31C-1EFB7566C0FE</referedAttribute>
<useDomainConstraints>false</useDomainConstraints>
<use>1</use>
<logicalDatatype>LOGDT024</logicalDatatype>
<dataTypeSize>30 CHAR</dataTypeSize>
<ownDataTypeParameters>30 CHAR,,</ownDataTypeParameters>
</Attribute>
<Attribute name="Gatunek" id="13663B6C-7379-100A-BD7D-B8E295FEAD24">
<createdBy>anna</createdBy>
<createdTime>2021-11-30 21:51:16 UTC</createdTime>
<generatorID>70E64B62-B3E6-C3BD-7AE9-7A98A2FF3CEC</generatorID>
<ownerDesignName>app</ownerDesignName>
<engineerTo>
<item key="AB9C3F5F-DFC0-15C7-CFC6-1ADF5BA04123" value="true"/>
</engineerTo>
<referedAttribute>4E97601D-5270-494D-5387-5566C603A634</referedAttribute>
<useDomainConstraints>false</useDomainConstraints>
<use>1</use>
<logicalDatatype>LOGDT024</logicalDatatype>
<dataTypeSize>20 CHAR</dataTypeSize>
<ownDataTypeParameters>20 CHAR,,</ownDataTypeParameters>
</Attribute>
</attributes>
<identifiers itemClass="oracle.dbtools.crest.model.design.logical.CandidateKey">
<identifier id="0DA18B0B-17D8-2453-8AB8-95443D72AE29" name="Gra PK">
<createdBy>anna</createdBy>
<createdTime>2021-11-30 20:53:58 UTC</createdTime>
<ownerDesignName>app</ownerDesignName>
<engineerTo>
<item key="AB9C3F5F-DFC0-15C7-CFC6-1ADF5BA04123" value="true"/>
</engineerTo>
<pk>true</pk>
<usedAttributes>
<attributeRef>85DD8A7C-53EE-7A9D-2A70-653623704316</attributeRef>
</usedAttributes>
</identifier>
</identifiers>
</Entity>