<?xml version = '1.0' encoding = 'UTF-8'?>
<Entity class="oracle.dbtools.crest.model.design.logical.Entity" directorySegmentName="seg_0" id="3D728E02-7724-BC31-D600-927EEF7ABA95" name="Patron_medialny">
<createdBy>anna</createdBy>
<createdTime>2021-11-30 21:08:51 UTC</createdTime>
<ownerDesignName>app</ownerDesignName>
<engineerTo>
<item key="AB9C3F5F-DFC0-15C7-CFC6-1ADF5BA04123" value="true"/>
</engineerTo>
<adequatelyNormalized>NO</adequatelyNormalized>
<expectedVolumes>0</expectedVolumes>
<fwdEngineeringStrategyName>Single Table</fwdEngineeringStrategyName>
<growthPercent>0</growthPercent>
<growthType>Year</growthType>
<maxVolumes>9999999</maxVolumes>
<minVolumes>0</minVolumes>
<normalForm>Third</normalForm>
<preferredAbbreviation>Patroni_medialni</preferredAbbreviation>
<shortName>Patron_med</shortName>
<attributes itemClass="oracle.dbtools.crest.model.design.logical.Attribute">
<Attribute name="Nazwa" id="992004DE-D28D-1E58-4FE2-937B56AAB710">
<createdBy>anna</createdBy>
<createdTime>2021-11-30 21:09:06 UTC</createdTime>
<ownerDesignName>app</ownerDesignName>
<engineerTo>
<item key="AB9C3F5F-DFC0-15C7-CFC6-1ADF5BA04123" value="true"/>
</engineerTo>
<useDomainConstraints>false</useDomainConstraints>
<use>1</use>
<logicalDatatype>LOGDT024</logicalDatatype>
<dataTypeSize>50 CHAR</dataTypeSize>
<ownDataTypeParameters>50 CHAR,,</ownDataTypeParameters>
</Attribute>
</attributes>
<identifiers itemClass="oracle.dbtools.crest.model.design.logical.CandidateKey">
<identifier id="069FD6A6-AB7F-2164-3C17-6DCEC97A2217" name="Patron_medialny PK">
<createdBy>anna</createdBy>
<createdTime>2021-11-30 21:09:16 UTC</createdTime>
<ownerDesignName>app</ownerDesignName>
<shouldEngineer>false</shouldEngineer>
<engineerTo>
<item key="AB9C3F5F-DFC0-15C7-CFC6-1ADF5BA04123" value="false"/>
</engineerTo>
<pk>true</pk>
<usedAttributes>
<attributeRef>992004DE-D28D-1E58-4FE2-937B56AAB710</attributeRef>
</usedAttributes>
</identifier>
</identifiers>
</Entity>