<?xml version = '1.0' encoding = 'UTF-8'?>
<Entity class="oracle.dbtools.crest.model.design.logical.Entity" directorySegmentName="seg_0" id="3D8A5A20-E056-9318-567F-8BF5261312A1" name="Rozgrywka_gracz_rola">
<createdBy>anna</createdBy>
<createdTime>2021-11-30 21:11:14 UTC</createdTime>
<ownerDesignName>app</ownerDesignName>
<engineerTo>
<item key="AB9C3F5F-DFC0-15C7-CFC6-1ADF5BA04123" value="true"/>
</engineerTo>
<adequatelyNormalized>NO</adequatelyNormalized>
<expectedVolumes>0</expectedVolumes>
<fwdEngineeringStrategyName>Single Table</fwdEngineeringStrategyName>
<growthPercent>0</growthPercent>
<growthType>Year</growthType>
<maxVolumes>9999999</maxVolumes>
<minVolumes>0</minVolumes>
<normalForm>Third</normalForm>
<preferredAbbreviation>Rozgrywka_gracze_role</preferredAbbreviation>
<shortName>Gracz_rola</shortName>
<attributes itemClass="oracle.dbtools.crest.model.design.logical.Attribute">
<Attribute name="Rola" id="8305311A-467B-8A97-4161-EDFAD96DC14A">
<createdBy>anna</createdBy>
<createdTime>2021-11-30 21:11:40 UTC</createdTime>
<ownerDesignName>app</ownerDesignName>
<engineerTo>
<item key="AB9C3F5F-DFC0-15C7-CFC6-1ADF5BA04123" value="true"/>
</engineerTo>
<useDomainConstraints>false</useDomainConstraints>
<use>1</use>
<logicalDatatype>LOGDT024</logicalDatatype>
<dataTypeSize>30 CHAR</dataTypeSize>
<ownDataTypeParameters>30 CHAR,,</ownDataTypeParameters>
</Attribute>
<Attribute name="Nazwa" id="0EB57D23-CF5F-5A0C-8BDD-38D0B762F74A">
<createdBy>anna</createdBy>
<createdTime>2021-11-30 21:48:49 UTC</createdTime>
<generatorID>C6A40842-723A-C134-2B3C-77A2BDAAE6CE</generatorID>
<ownerDesignName>app</ownerDesignName>
<engineerTo>
<item key="AB9C3F5F-DFC0-15C7-CFC6-1ADF5BA04123" value="true"/>
</engineerTo>
<referedAttribute>425BF2C3-E35B-B6EF-5CA9-8F66986E8F0A</referedAttribute>
<useDomainConstraints>false</useDomainConstraints>
<use>1</use>
<logicalDatatype>LOGDT024</logicalDatatype>
<dataTypeSize>30 CHAR</dataTypeSize>
<ownDataTypeParameters>30 CHAR,,</ownDataTypeParameters>
</Attribute>
<Attribute name="Imię" id="5428D7BA-ADA5-9AB5-4964-D1F07E50FBAF">
<createdBy>anna</createdBy>
<createdTime>2021-11-30 22:04:31 UTC</createdTime>
<generatorID>6DCBA962-83AC-4F48-236C-E9DBB6CEA76C</generatorID>
<ownerDesignName>app</ownerDesignName>
<engineerTo>
<item key="AB9C3F5F-DFC0-15C7-CFC6-1ADF5BA04123" value="true"/>
</engineerTo>
<referedAttribute>7B574AE4-59B0-EB01-5C1F-7087EC929CE8</referedAttribute>
<useDomainConstraints>false</useDomainConstraints>
<use>1</use>
<logicalDatatype>LOGDT024</logicalDatatype>
<dataTypeSize>20 CHAR</dataTypeSize>
<ownDataTypeParameters>20 CHAR,,</ownDataTypeParameters>
</Attribute>
<Attribute name="Nazwisko" id="6E89D7A6-F76B-F2B9-E681-C6049BEB7E12">
<createdBy>anna</createdBy>
<createdTime>2021-11-30 22:04:31 UTC</createdTime>
<generatorID>6DCBA962-83AC-4F48-236C-E9DBB6CEA76C</generatorID>
<ownerDesignName>app</ownerDesignName>
<engineerTo>
<item key="AB9C3F5F-DFC0-15C7-CFC6-1ADF5BA04123" value="true"/>
</engineerTo>
<referedAttribute>6B19A49D-EE84-1EBF-2C96-0AD2E18FC4DA</referedAttribute>
<useDomainConstraints>false</useDomainConstraints>
<use>1</use>
<logicalDatatype>LOGDT024</logicalDatatype>
<dataTypeSize>30 CHAR</dataTypeSize>
<ownDataTypeParameters>30 CHAR,,</ownDataTypeParameters>
</Attribute>
<Attribute name="Nazwa1" id="F3A243DB-D03F-C8BE-225C-427C4C909F09">
<createdBy>anna</createdBy>
<createdTime>2021-12-02 18:54:24 UTC</createdTime>
<generatorID>C6A40842-723A-C134-2B3C-77A2BDAAE6CE</generatorID>
<ownerDesignName>app</ownerDesignName>
<engineerTo>
<item key="AB9C3F5F-DFC0-15C7-CFC6-1ADF5BA04123" value="true"/>
</engineerTo>
<referedAttribute>CD285035-6E54-D11E-C973-636CE2439ABF</referedAttribute>
<useDomainConstraints>false</useDomainConstraints>
<use>1</use>
<logicalDatatype>LOGDT024</logicalDatatype>
<dataTypeSize>50 CHAR</dataTypeSize>
<ownDataTypeParameters>50 CHAR,,</ownDataTypeParameters>
</Attribute>
<Attribute name="Nazwa2" id="BC54314B-3BBA-873B-8F11-F1A36BD025F1">
<createdBy>anna</createdBy>
<createdTime>2021-12-02 18:54:29 UTC</createdTime>
<generatorID>C6A40842-723A-C134-2B3C-77A2BDAAE6CE</generatorID>
<ownerDesignName>app</ownerDesignName>
<engineerTo>
<item key="AB9C3F5F-DFC0-15C7-CFC6-1ADF5BA04123" value="true"/>
</engineerTo>
<referedAttribute>35080118-407F-FDED-9D15-C0B5F76744A3</referedAttribute>
<useDomainConstraints>false</useDomainConstraints>
<use>1</use>
<logicalDatatype>LOGDT024</logicalDatatype>
<dataTypeSize>50 CHAR</dataTypeSize>
<ownDataTypeParameters>50 CHAR,,</ownDataTypeParameters>
</Attribute>
<Attribute name="Data" id="2000FBB1-8F8B-7EE0-D1CA-738D45740EBC">
<createdBy>anna</createdBy>
<createdTime>2021-12-02 19:05:52 UTC</createdTime>
<generatorID>C6A40842-723A-C134-2B3C-77A2BDAAE6CE</generatorID>
<ownerDesignName>app</ownerDesignName>
<engineerTo>
<item key="AB9C3F5F-DFC0-15C7-CFC6-1ADF5BA04123" value="true"/>
</engineerTo>
<referedAttribute>345B5849-4A73-1AFF-D492-A8FBCFD0A433</referedAttribute>
<useDomainConstraints>false</useDomainConstraints>
<use>1</use>
<logicalDatatype>LOGDT007</logicalDatatype>
<ownDataTypeParameters>,,</ownDataTypeParameters>
</Attribute>
<Attribute name="Nazwa3" id="0ABCB94C-ADDA-96C8-470C-1042A4D6F731">
<createdBy>anna</createdBy>
<createdTime>2021-12-10 19:29:23 UTC</createdTime>
<generatorID>6DCBA962-83AC-4F48-236C-E9DBB6CEA76C</generatorID>
<ownerDesignName>app</ownerDesignName>
<engineerTo>
<item key="AB9C3F5F-DFC0-15C7-CFC6-1ADF5BA04123" value="true"/>
</engineerTo>
<referedAttribute>804458B4-DF61-B311-844D-27D8F77AFC80</referedAttribute>
<useDomainConstraints>false</useDomainConstraints>
<use>1</use>
<logicalDatatype>LOGDT024</logicalDatatype>
<dataTypeSize>50 CHAR</dataTypeSize>
<ownDataTypeParameters>,,</ownDataTypeParameters>
</Attribute>
</attributes>
<identifiers itemClass="oracle.dbtools.crest.model.design.logical.CandidateKey">
<identifier id="8B4BE1F1-F65A-16BF-A062-BA2C8C4FBF71" name="Rozgrywka_gracz_rola PK">
<createdBy>anna</createdBy>
<createdTime>2021-11-30 21:45:35 UTC</createdTime>
<ownerDesignName>app</ownerDesignName>
<shouldEngineer>false</shouldEngineer>
<engineerTo>
<item key="AB9C3F5F-DFC0-15C7-CFC6-1ADF5BA04123" value="false"/>
</engineerTo>
<pk>true</pk>
<usedAttributes>
<attributeRef>0EB57D23-CF5F-5A0C-8BDD-38D0B762F74A</attributeRef>
<attributeRef>F3A243DB-D03F-C8BE-225C-427C4C909F09</attributeRef>
<attributeRef>BC54314B-3BBA-873B-8F11-F1A36BD025F1</attributeRef>
<attributeRef>2000FBB1-8F8B-7EE0-D1CA-738D45740EBC</attributeRef>
<attributeRef>8305311A-467B-8A97-4161-EDFAD96DC14A</attributeRef>
<attributeRef>5428D7BA-ADA5-9AB5-4964-D1F07E50FBAF</attributeRef>
<attributeRef>6E89D7A6-F76B-F2B9-E681-C6049BEB7E12</attributeRef>
<attributeRef>0ABCB94C-ADDA-96C8-470C-1042A4D6F731</attributeRef>
</usedAttributes>
</identifier>
</identifiers>
</Entity>