<?xml version = '1.0' encoding = 'UTF-8'?>
<Entity class="oracle.dbtools.crest.model.design.logical.Entity" directorySegmentName="seg_0" id="5EE8D091-5FCB-BAD6-830B-83B8A2194345" name="Dodatek">
<createdBy>anna</createdBy>
<createdTime>2021-11-30 20:57:54 UTC</createdTime>
<ownerDesignName>app</ownerDesignName>
<engineerTo>
<item key="AB9C3F5F-DFC0-15C7-CFC6-1ADF5BA04123" value="true"/>
</engineerTo>
<adequatelyNormalized>NO</adequatelyNormalized>
<expectedVolumes>0</expectedVolumes>
<fwdEngineeringStrategyName>Single Table</fwdEngineeringStrategyName>
<growthPercent>0</growthPercent>
<growthType>Year</growthType>
<maxVolumes>9999999</maxVolumes>
<minVolumes>0</minVolumes>
<normalForm>Third</normalForm>
<preferredAbbreviation>Dodatki</preferredAbbreviation>
<shortName>Dodatek</shortName>
<attributes itemClass="oracle.dbtools.crest.model.design.logical.Attribute">
<Attribute name="Podtytuł" id="A819F502-EEDC-E363-7AB5-64E2956B8CD4">
<createdBy>anna</createdBy>
<createdTime>2021-11-30 20:58:12 UTC</createdTime>
<ownerDesignName>app</ownerDesignName>
<engineerTo>
<item key="AB9C3F5F-DFC0-15C7-CFC6-1ADF5BA04123" value="true"/>
</engineerTo>
<useDomainConstraints>false</useDomainConstraints>
<use>1</use>
<logicalDatatype>LOGDT024</logicalDatatype>
<dataTypeSize>30 CHAR</dataTypeSize>
<ownDataTypeParameters>30 CHAR,,</ownDataTypeParameters>
</Attribute>
<Attribute name="Tytuł" id="228B96DF-7266-F4BB-D486-6E0C0A230F61">
<createdBy>anna</createdBy>
<createdTime>2021-11-30 21:17:32 UTC</createdTime>
<generatorID>A1F8ECC6-E278-61DC-DFEE-8EBCDFE40756</generatorID>
<ownerDesignName>app</ownerDesignName>
<engineerTo>
<item key="AB9C3F5F-DFC0-15C7-CFC6-1ADF5BA04123" value="true"/>
</engineerTo>
<referedAttribute>85DD8A7C-53EE-7A9D-2A70-653623704316</referedAttribute>
<useDomainConstraints>false</useDomainConstraints>
<use>1</use>
<logicalDatatype>LOGDT024</logicalDatatype>
<dataTypeSize>30 CHAR</dataTypeSize>
<ownDataTypeParameters>30 CHAR,,</ownDataTypeParameters>
</Attribute>
</attributes>
<identifiers itemClass="oracle.dbtools.crest.model.design.logical.CandidateKey">
<identifier id="F5B68731-81CE-2036-6FB7-CB2E12B6A2BA" name="Dodatek PK">
<createdBy>anna</createdBy>
<createdTime>2021-11-30 20:58:25 UTC</createdTime>
<ownerDesignName>app</ownerDesignName>
<engineerTo>
<item key="AB9C3F5F-DFC0-15C7-CFC6-1ADF5BA04123" value="true"/>
</engineerTo>
<pk>true</pk>
<usedAttributes>
<attributeRef>A819F502-EEDC-E363-7AB5-64E2956B8CD4</attributeRef>
<attributeRef>228B96DF-7266-F4BB-D486-6E0C0A230F61</attributeRef>
</usedAttributes>
</identifier>
</identifiers>
</Entity>