<?xml version = '1.0' encoding = 'UTF-8'?>
<Entity class="oracle.dbtools.crest.model.design.logical.Entity" directorySegmentName="seg_0" id="81ACC943-5C2C-59E7-9C07-54937D8406E0" name="Rozgrywka">
<createdBy>anna</createdBy>
<createdTime>2021-11-30 21:02:42 UTC</createdTime>
<ownerDesignName>app</ownerDesignName>
<engineerTo>
<item key="AB9C3F5F-DFC0-15C7-CFC6-1ADF5BA04123" value="true"/>
</engineerTo>
<adequatelyNormalized>NO</adequatelyNormalized>
<expectedVolumes>0</expectedVolumes>
<fwdEngineeringStrategyName>Single Table</fwdEngineeringStrategyName>
<growthPercent>0</growthPercent>
<growthType>Year</growthType>
<maxVolumes>9999999</maxVolumes>
<minVolumes>0</minVolumes>
<normalForm>Third</normalForm>
<preferredAbbreviation>Rozgrywki</preferredAbbreviation>
<shortName>Rozgrywka</shortName>
<createSurrogateKey>true</createSurrogateKey>
<attributes itemClass="oracle.dbtools.crest.model.design.logical.Attribute">
<Attribute name="Data" id="BB66A632-81F9-0DC5-3957-EDCF8348CC81">
<createdBy>anna</createdBy>
<createdTime>2021-11-30 21:03:15 UTC</createdTime>
<ownerDesignName>app</ownerDesignName>
<engineerTo>
<item key="AB9C3F5F-DFC0-15C7-CFC6-1ADF5BA04123" value="true"/>
</engineerTo>
<useDomainConstraints>false</useDomainConstraints>
<use>1</use>
<logicalDatatype>LOGDT007</logicalDatatype>
<ownDataTypeParameters>,,</ownDataTypeParameters>
</Attribute>
<Attribute name="Wygrywający_gracz" id="C508BE02-B846-C85E-AD49-F73D69335C37">
<createdBy>anna</createdBy>
<createdTime>2021-11-30 21:03:28 UTC</createdTime>
<ownerDesignName>app</ownerDesignName>
<engineerTo>
<item key="AB9C3F5F-DFC0-15C7-CFC6-1ADF5BA04123" value="true"/>
</engineerTo>
<nullsAllowed>true</nullsAllowed>
<useDomainConstraints>false</useDomainConstraints>
<use>1</use>
<logicalDatatype>LOGDT025</logicalDatatype>
<dataTypeSize>50 CHAR</dataTypeSize>
<ownDataTypeParameters>50 CHAR,,</ownDataTypeParameters>
</Attribute>
<Attribute name="Tytuł" id="2424D828-8AA6-999B-D191-811EA6AF34B1">
<createdBy>anna</createdBy>
<createdTime>2021-11-30 21:25:33 UTC</createdTime>
<generatorID>E1F6A203-5726-685A-0A39-B646C1D83A45</generatorID>
<ownerDesignName>app</ownerDesignName>
<engineerTo>
<item key="AB9C3F5F-DFC0-15C7-CFC6-1ADF5BA04123" value="true"/>
</engineerTo>
<referedAttribute>85DD8A7C-53EE-7A9D-2A70-653623704316</referedAttribute>
<useDomainConstraints>false</useDomainConstraints>
<use>1</use>
<logicalDatatype>LOGDT024</logicalDatatype>
<dataTypeSize>30 CHAR</dataTypeSize>
<ownDataTypeParameters>30 CHAR,,</ownDataTypeParameters>
</Attribute>
<Attribute name="Imię" id="ABA85887-E80E-16EF-BD0A-7B45E95DF914">
<createdBy>anna</createdBy>
<createdTime>2021-11-30 21:30:12 UTC</createdTime>
<generatorID>EEB75AE8-6C50-0093-2723-B1E20AEDD0B6</generatorID>
<ownerDesignName>app</ownerDesignName>
<engineerTo>
<item key="AB9C3F5F-DFC0-15C7-CFC6-1ADF5BA04123" value="true"/>
</engineerTo>
<referedAttribute>EB5C94EA-A1E1-7DFD-20A8-24D9C1BCC67C</referedAttribute>
<useDomainConstraints>false</useDomainConstraints>
<use>1</use>
<logicalDatatype>LOGDT024</logicalDatatype>
<dataTypeSize>20 CHAR</dataTypeSize>
<ownDataTypeParameters>20 CHAR,,</ownDataTypeParameters>
</Attribute>
<Attribute name="Nazwisko" id="9527D87C-6A31-9AB0-3636-068451F467BA">
<createdBy>anna</createdBy>
<createdTime>2021-11-30 21:30:12 UTC</createdTime>
<generatorID>EEB75AE8-6C50-0093-2723-B1E20AEDD0B6</generatorID>
<ownerDesignName>app</ownerDesignName>
<engineerTo>
<item key="AB9C3F5F-DFC0-15C7-CFC6-1ADF5BA04123" value="true"/>
</engineerTo>
<referedAttribute>48356576-7998-3051-6EB9-75A446155D79</referedAttribute>
<useDomainConstraints>false</useDomainConstraints>
<use>1</use>
<logicalDatatype>LOGDT024</logicalDatatype>
<dataTypeSize>30 CHAR</dataTypeSize>
<ownDataTypeParameters>30 CHAR,,</ownDataTypeParameters>
</Attribute>
<Attribute name="Imię2" id="B315F77F-60F6-2ADB-6068-E31F6199DC26">
<createdBy>anna</createdBy>
<createdTime>2021-11-30 21:30:47 UTC</createdTime>
<generatorID>202193EB-9039-C058-5603-DA8331020193</generatorID>
<ownerDesignName>app</ownerDesignName>
<engineerTo>
<item key="AB9C3F5F-DFC0-15C7-CFC6-1ADF5BA04123" value="true"/>
</engineerTo>
<referedAttribute>EB5C94EA-A1E1-7DFD-20A8-24D9C1BCC67C</referedAttribute>
<useDomainConstraints>false</useDomainConstraints>
<use>1</use>
<logicalDatatype>LOGDT024</logicalDatatype>
<dataTypeSize>20 CHAR</dataTypeSize>
<ownDataTypeParameters>20 CHAR,,</ownDataTypeParameters>
</Attribute>
<Attribute name="Nazwisko2" id="9932E940-DFFB-A647-CF75-D1A4A97F9F25">
<createdBy>anna</createdBy>
<createdTime>2021-11-30 21:30:47 UTC</createdTime>
<generatorID>202193EB-9039-C058-5603-DA8331020193</generatorID>
<ownerDesignName>app</ownerDesignName>
<engineerTo>
<item key="AB9C3F5F-DFC0-15C7-CFC6-1ADF5BA04123" value="true"/>
</engineerTo>
<referedAttribute>48356576-7998-3051-6EB9-75A446155D79</referedAttribute>
<useDomainConstraints>false</useDomainConstraints>
<use>1</use>
<logicalDatatype>LOGDT024</logicalDatatype>
<dataTypeSize>30 CHAR</dataTypeSize>
<ownDataTypeParameters>30 CHAR,,</ownDataTypeParameters>
</Attribute>
<Attribute name="Miasto" id="398AD1AD-223B-7C8F-F79F-949996BAC30D">
<createdBy>anna</createdBy>
<createdTime>2021-11-30 21:31:48 UTC</createdTime>
<generatorID>D9CAA303-E27C-2453-0B96-9A48AD8AA5AA</generatorID>
<ownerDesignName>app</ownerDesignName>
<engineerTo>
<item key="AB9C3F5F-DFC0-15C7-CFC6-1ADF5BA04123" value="true"/>
</engineerTo>
<referedAttribute>77ED233B-77C4-B3EE-29F4-B2F973D5DF04</referedAttribute>
<useDomainConstraints>false</useDomainConstraints>
<use>1</use>
<logicalDatatype>LOGDT024</logicalDatatype>
<dataTypeSize>30 CHAR</dataTypeSize>
<ownDataTypeParameters>30 CHAR,,</ownDataTypeParameters>
</Attribute>
<Attribute name="Obiekt" id="DC356DCA-C60B-2232-5485-9BD5B236C1B4">
<createdBy>anna</createdBy>
<createdTime>2021-11-30 21:31:48 UTC</createdTime>
<generatorID>D9CAA303-E27C-2453-0B96-9A48AD8AA5AA</generatorID>
<ownerDesignName>app</ownerDesignName>
<engineerTo>
<item key="AB9C3F5F-DFC0-15C7-CFC6-1ADF5BA04123" value="true"/>
</engineerTo>
<referedAttribute>388FF37C-441B-B564-69F8-2C6475391127</referedAttribute>
<useDomainConstraints>false</useDomainConstraints>
<use>1</use>
<logicalDatatype>LOGDT024</logicalDatatype>
<dataTypeSize>30 CHAR</dataTypeSize>
<ownDataTypeParameters>30 CHAR,,</ownDataTypeParameters>
</Attribute>
</attributes>
<identifiers itemClass="oracle.dbtools.crest.model.design.logical.CandidateKey">
<identifier id="EBF2A317-6BF7-C8C0-F583-FCAF4CA78927" name="Rozgrywka PK">
<createdBy>anna</createdBy>
<createdTime>2021-11-30 21:03:13 UTC</createdTime>
<ownerDesignName>app</ownerDesignName>
<shouldEngineer>false</shouldEngineer>
<engineerTo>
<item key="AB9C3F5F-DFC0-15C7-CFC6-1ADF5BA04123" value="false"/>
</engineerTo>
<pk>true</pk>
<usedAttributes>
<attributeRef>2424D828-8AA6-999B-D191-811EA6AF34B1</attributeRef>
<attributeRef>B315F77F-60F6-2ADB-6068-E31F6199DC26</attributeRef>
<attributeRef>9932E940-DFFB-A647-CF75-D1A4A97F9F25</attributeRef>
<attributeRef>ABA85887-E80E-16EF-BD0A-7B45E95DF914</attributeRef>
<attributeRef>9527D87C-6A31-9AB0-3636-068451F467BA</attributeRef>
<attributeRef>BB66A632-81F9-0DC5-3957-EDCF8348CC81</attributeRef>
</usedAttributes>
</identifier>
</identifiers>
</Entity>