<?xml version = '1.0' encoding = 'UTF-8'?>
<Entity class="oracle.dbtools.crest.model.design.logical.Entity" directorySegmentName="seg_0" id="9F33D251-DD76-9D1E-C7A8-84F15A0DBBAF" name="Autor_gry">
<createdBy>anna</createdBy>
<createdTime>2021-11-30 20:58:53 UTC</createdTime>
<ownerDesignName>app</ownerDesignName>
<engineerTo>
<item key="AB9C3F5F-DFC0-15C7-CFC6-1ADF5BA04123" value="true"/>
</engineerTo>
<adequatelyNormalized>NO</adequatelyNormalized>
<expectedVolumes>0</expectedVolumes>
<fwdEngineeringStrategyName>Single Table</fwdEngineeringStrategyName>
<growthPercent>0</growthPercent>
<growthType>Year</growthType>
<maxVolumes>9999999</maxVolumes>
<minVolumes>0</minVolumes>
<normalForm>Third</normalForm>
<preferredAbbreviation>Autorzy_gry</preferredAbbreviation>
<shortName>Autor</shortName>
<attributes itemClass="oracle.dbtools.crest.model.design.logical.Attribute">
<Attribute name="Imię" id="7143DE8B-F732-83B4-501F-F894C96051CD">
<createdBy>anna</createdBy>
<createdTime>2021-11-30 20:59:08 UTC</createdTime>
<ownerDesignName>app</ownerDesignName>
<engineerTo>
<item key="AB9C3F5F-DFC0-15C7-CFC6-1ADF5BA04123" value="true"/>
</engineerTo>
<useDomainConstraints>false</useDomainConstraints>
<use>1</use>
<logicalDatatype>LOGDT024</logicalDatatype>
<dataTypeSize>20 CHAR</dataTypeSize>
<ownDataTypeParameters>20 CHAR,,</ownDataTypeParameters>
</Attribute>
<Attribute name="Nazwisko" id="F318600E-39E4-E2EE-C31C-1EFB7566C0FE">
<createdBy>anna</createdBy>
<createdTime>2021-11-30 20:59:51 UTC</createdTime>
<ownerDesignName>app</ownerDesignName>
<engineerTo>
<item key="AB9C3F5F-DFC0-15C7-CFC6-1ADF5BA04123" value="true"/>
</engineerTo>
<useDomainConstraints>false</useDomainConstraints>
<use>1</use>
<logicalDatatype>LOGDT024</logicalDatatype>
<dataTypeSize>30 CHAR</dataTypeSize>
<ownDataTypeParameters>30 CHAR,,</ownDataTypeParameters>
</Attribute>
</attributes>
<identifiers itemClass="oracle.dbtools.crest.model.design.logical.CandidateKey">
<identifier id="279AB81B-95E8-DDF7-0237-18BE35794859" name="Autor_gry PK">
<createdBy>anna</createdBy>
<createdTime>2021-11-30 20:59:46 UTC</createdTime>
<ownerDesignName>app</ownerDesignName>
<engineerTo>
<item key="AB9C3F5F-DFC0-15C7-CFC6-1ADF5BA04123" value="true"/>
</engineerTo>
<pk>true</pk>
<usedAttributes>
<attributeRef>7143DE8B-F732-83B4-501F-F894C96051CD</attributeRef>
<attributeRef>F318600E-39E4-E2EE-C31C-1EFB7566C0FE</attributeRef>
</usedAttributes>
</identifier>
</identifiers>
</Entity>