<?xml version = '1.0' encoding = 'UTF-8'?>
<Entity class="oracle.dbtools.crest.model.design.logical.Entity" directorySegmentName="seg_0" id="A8AD73E7-1199-1714-D071-9DE926CBFFDC" name="Turniej">
<createdBy>anna</createdBy>
<createdTime>2021-11-30 21:07:31 UTC</createdTime>
<ownerDesignName>app</ownerDesignName>
<engineerTo>
<item key="AB9C3F5F-DFC0-15C7-CFC6-1ADF5BA04123" value="true"/>
</engineerTo>
<adequatelyNormalized>NO</adequatelyNormalized>
<expectedVolumes>0</expectedVolumes>
<fwdEngineeringStrategyName>Single Table</fwdEngineeringStrategyName>
<growthPercent>0</growthPercent>
<growthType>Year</growthType>
<maxVolumes>9999999</maxVolumes>
<minVolumes>0</minVolumes>
<normalForm>Third</normalForm>
<preferredAbbreviation>Turnieje</preferredAbbreviation>
<shortName>Turniej</shortName>
<attributes itemClass="oracle.dbtools.crest.model.design.logical.Attribute">
<Attribute name="Nazwa" id="79F4F3DE-386B-D52D-C772-014E6A472D22">
<createdBy>anna</createdBy>
<createdTime>2021-11-30 21:07:43 UTC</createdTime>
<ownerDesignName>app</ownerDesignName>
<engineerTo>
<item key="AB9C3F5F-DFC0-15C7-CFC6-1ADF5BA04123" value="true"/>
</engineerTo>
<useDomainConstraints>false</useDomainConstraints>
<use>1</use>
<logicalDatatype>LOGDT024</logicalDatatype>
<dataTypeSize>30 CHAR</dataTypeSize>
<ownDataTypeParameters>30 CHAR,,</ownDataTypeParameters>
</Attribute>
<Attribute name="Nazwa1" id="C7C8D1A2-FC4B-84D1-E6B9-94A4A6BEB8C6">
<createdBy>anna</createdBy>
<createdTime>2021-11-30 21:34:47 UTC</createdTime>
<generatorID>E2F82688-B575-4279-2405-3CB8A215BBBB</generatorID>
<ownerDesignName>app</ownerDesignName>
<engineerTo>
<item key="AB9C3F5F-DFC0-15C7-CFC6-1ADF5BA04123" value="true"/>
</engineerTo>
<referedAttribute>EAA13160-9345-5274-D5E8-4A703257A8DF</referedAttribute>
<useDomainConstraints>false</useDomainConstraints>
<use>1</use>
<logicalDatatype>LOGDT024</logicalDatatype>
<dataTypeSize>30 CHAR</dataTypeSize>
<ownDataTypeParameters>,,</ownDataTypeParameters>
</Attribute>
<Attribute name="Miasto" id="ED3F1F60-C6D1-BAA8-E2BF-4B9F71E5FAF9">
<createdBy>anna</createdBy>
<createdTime>2021-11-30 22:01:13 UTC</createdTime>
<generatorID>8F1FED59-4702-7FB9-74BE-207F0DBB6E53</generatorID>
<ownerDesignName>app</ownerDesignName>
<engineerTo>
<item key="AB9C3F5F-DFC0-15C7-CFC6-1ADF5BA04123" value="true"/>
</engineerTo>
<referedAttribute>77ED233B-77C4-B3EE-29F4-B2F973D5DF04</referedAttribute>
<useDomainConstraints>false</useDomainConstraints>
<use>1</use>
<logicalDatatype>LOGDT024</logicalDatatype>
<dataTypeSize>30 CHAR</dataTypeSize>
<ownDataTypeParameters>,,</ownDataTypeParameters>
</Attribute>
<Attribute name="Obiekt" id="1636AAC5-F696-3218-8455-5375EAE314AA">
<createdBy>anna</createdBy>
<createdTime>2021-11-30 22:01:13 UTC</createdTime>
<generatorID>8F1FED59-4702-7FB9-74BE-207F0DBB6E53</generatorID>
<ownerDesignName>app</ownerDesignName>
<engineerTo>
<item key="AB9C3F5F-DFC0-15C7-CFC6-1ADF5BA04123" value="true"/>
</engineerTo>
<referedAttribute>388FF37C-441B-B564-69F8-2C6475391127</referedAttribute>
<useDomainConstraints>false</useDomainConstraints>
<use>1</use>
<logicalDatatype>LOGDT024</logicalDatatype>
<dataTypeSize>30 CHAR</dataTypeSize>
<ownDataTypeParameters>,,</ownDataTypeParameters>
</Attribute>
</attributes>
<identifiers itemClass="oracle.dbtools.crest.model.design.logical.CandidateKey">
<identifier id="9476FAC7-01C4-B3F8-BAA8-7EFD24377259" name="Turniej PK">
<createdBy>anna</createdBy>
<createdTime>2021-11-30 21:07:53 UTC</createdTime>
<ownerDesignName>app</ownerDesignName>
<engineerTo>
<item key="AB9C3F5F-DFC0-15C7-CFC6-1ADF5BA04123" value="true"/>
</engineerTo>
<pk>true</pk>
<usedAttributes>
<attributeRef>79F4F3DE-386B-D52D-C772-014E6A472D22</attributeRef>
</usedAttributes>
</identifier>
</identifiers>
</Entity>