<?xml version = '1.0' encoding = 'UTF-8'?>
<Entity class="oracle.dbtools.crest.model.design.logical.Entity" directorySegmentName="seg_0" id="B76D305F-AC6A-EA8C-70A9-56BF2E626755" name="Rozgrywka_turniejowa">
<createdBy>anna</createdBy>
<createdTime>2021-11-30 21:12:09 UTC</createdTime>
<ownerDesignName>app</ownerDesignName>
<engineerTo>
<item key="AB9C3F5F-DFC0-15C7-CFC6-1ADF5BA04123" value="true"/>
</engineerTo>
<adequatelyNormalized>NO</adequatelyNormalized>
<expectedVolumes>0</expectedVolumes>
<fwdEngineeringStrategyName>Single Table</fwdEngineeringStrategyName>
<growthPercent>0</growthPercent>
<growthType>Year</growthType>
<maxVolumes>9999999</maxVolumes>
<minVolumes>0</minVolumes>
<normalForm>Third</normalForm>
<preferredAbbreviation>Rozgrywki_turniejowe</preferredAbbreviation>
<shortName>Rozgrywka_turniej</shortName>
<createSurrogateKey>true</createSurrogateKey>
<attributes itemClass="oracle.dbtools.crest.model.design.logical.Attribute">
<Attribute name="Data" id="345B5849-4A73-1AFF-D492-A8FBCFD0A433">
<createdBy>anna</createdBy>
<createdTime>2021-11-30 21:13:20 UTC</createdTime>
<ownerDesignName>app</ownerDesignName>
<engineerTo>
<item key="AB9C3F5F-DFC0-15C7-CFC6-1ADF5BA04123" value="true"/>
</engineerTo>
<useDomainConstraints>false</useDomainConstraints>
<use>1</use>
<logicalDatatype>LOGDT007</logicalDatatype>
<ownDataTypeParameters>,,</ownDataTypeParameters>
</Attribute>
<Attribute name="Wygrywający_klub" id="6A721A45-8A8C-90FF-DDF0-BDB917165BE6">
<createdBy>anna</createdBy>
<createdTime>2021-11-30 21:13:27 UTC</createdTime>
<ownerDesignName>app</ownerDesignName>
<engineerTo>
<item key="AB9C3F5F-DFC0-15C7-CFC6-1ADF5BA04123" value="true"/>
</engineerTo>
<nullsAllowed>true</nullsAllowed>
<useDomainConstraints>false</useDomainConstraints>
<use>1</use>
<logicalDatatype>LOGDT024</logicalDatatype>
<dataTypeSize>50 CHAR</dataTypeSize>
<ownDataTypeParameters>50 CHAR,,</ownDataTypeParameters>
</Attribute>
<Attribute name="Nazwa1" id="CD285035-6E54-D11E-C973-636CE2439ABF">
<createdBy>anna</createdBy>
<createdTime>2021-11-30 21:40:09 UTC</createdTime>
<generatorID>795923FE-82F6-235E-BA47-A6289F7187B2</generatorID>
<ownerDesignName>app</ownerDesignName>
<engineerTo>
<item key="AB9C3F5F-DFC0-15C7-CFC6-1ADF5BA04123" value="true"/>
</engineerTo>
<referedAttribute>DC678489-BE08-60E9-A5EB-DC0261E222C6</referedAttribute>
<useDomainConstraints>false</useDomainConstraints>
<use>1</use>
<logicalDatatype>LOGDT024</logicalDatatype>
<dataTypeSize>50 CHAR</dataTypeSize>
<ownDataTypeParameters>50 CHAR,,</ownDataTypeParameters>
</Attribute>
<Attribute name="Nazwa2" id="35080118-407F-FDED-9D15-C0B5F76744A3">
<createdBy>anna</createdBy>
<createdTime>2021-11-30 21:40:41 UTC</createdTime>
<generatorID>D2AB7D88-3118-3AE9-3A0B-C668133F886A</generatorID>
<ownerDesignName>app</ownerDesignName>
<engineerTo>
<item key="AB9C3F5F-DFC0-15C7-CFC6-1ADF5BA04123" value="true"/>
</engineerTo>
<referedAttribute>DC678489-BE08-60E9-A5EB-DC0261E222C6</referedAttribute>
<useDomainConstraints>false</useDomainConstraints>
<use>1</use>
<logicalDatatype>LOGDT024</logicalDatatype>
<dataTypeSize>50 CHAR</dataTypeSize>
<ownDataTypeParameters>50 CHAR,,</ownDataTypeParameters>
</Attribute>
<Attribute name="Nazwa" id="425BF2C3-E35B-B6EF-5CA9-8F66986E8F0A">
<createdBy>anna</createdBy>
<createdTime>2021-11-30 21:48:37 UTC</createdTime>
<generatorID>4179011B-FD89-118F-1741-AEF282994DF9</generatorID>
<ownerDesignName>app</ownerDesignName>
<engineerTo>
<item key="AB9C3F5F-DFC0-15C7-CFC6-1ADF5BA04123" value="true"/>
</engineerTo>
<referedAttribute>79F4F3DE-386B-D52D-C772-014E6A472D22</referedAttribute>
<useDomainConstraints>false</useDomainConstraints>
<use>1</use>
<logicalDatatype>LOGDT024</logicalDatatype>
<dataTypeSize>30 CHAR</dataTypeSize>
<ownDataTypeParameters>30 CHAR,,</ownDataTypeParameters>
</Attribute>
</attributes>
<identifiers itemClass="oracle.dbtools.crest.model.design.logical.CandidateKey">
<identifier id="344A303D-E9BA-272C-D1DC-BA78D76BE444" name="Rozgrywka_turniejowa PK">
<createdBy>anna</createdBy>
<createdTime>2021-11-30 21:12:58 UTC</createdTime>
<ownerDesignName>app</ownerDesignName>
<shouldEngineer>false</shouldEngineer>
<engineerTo>
<item key="AB9C3F5F-DFC0-15C7-CFC6-1ADF5BA04123" value="false"/>
</engineerTo>
<pk>true</pk>
<usedAttributes>
<attributeRef>425BF2C3-E35B-B6EF-5CA9-8F66986E8F0A</attributeRef>
<attributeRef>CD285035-6E54-D11E-C973-636CE2439ABF</attributeRef>
<attributeRef>35080118-407F-FDED-9D15-C0B5F76744A3</attributeRef>
<attributeRef>345B5849-4A73-1AFF-D492-A8FBCFD0A433</attributeRef>
</usedAttributes>
</identifier>
</identifiers>
</Entity>