<?xml version = '1.0' encoding = 'UTF-8'?>
<Entity class="oracle.dbtools.crest.model.design.logical.Entity" directorySegmentName="seg_0" id="DECD7D89-3758-1D42-FC31-0D69274E55FF" name="Właściciel_gry">
<createdBy>anna</createdBy>
<createdTime>2021-11-30 21:01:50 UTC</createdTime>
<ownerDesignName>app</ownerDesignName>
<engineerTo>
<item key="AB9C3F5F-DFC0-15C7-CFC6-1ADF5BA04123" value="true"/>
</engineerTo>
<adequatelyNormalized>NO</adequatelyNormalized>
<expectedVolumes>0</expectedVolumes>
<fwdEngineeringStrategyName>Single Table</fwdEngineeringStrategyName>
<growthPercent>0</growthPercent>
<growthType>Year</growthType>
<maxVolumes>9999999</maxVolumes>
<minVolumes>0</minVolumes>
<normalForm>Third</normalForm>
<preferredAbbreviation>Właściciele_gry</preferredAbbreviation>
<shortName>Właściciel</shortName>
<attributes itemClass="oracle.dbtools.crest.model.design.logical.Attribute">
<Attribute name="Imię1" id="FBF82CCB-A127-0BC4-77C4-7BA2C038E49C">
<createdBy>anna</createdBy>
<createdTime>2021-12-02 19:14:14 UTC</createdTime>
<generatorID>7D3BDD98-0732-BC11-5B87-E049DA260C7B</generatorID>
<ownerDesignName>app</ownerDesignName>
<engineerTo>
<item key="AB9C3F5F-DFC0-15C7-CFC6-1ADF5BA04123" value="true"/>
</engineerTo>
<referedAttribute>EB5C94EA-A1E1-7DFD-20A8-24D9C1BCC67C</referedAttribute>
<useDomainConstraints>false</useDomainConstraints>
<use>1</use>
<logicalDatatype>LOGDT024</logicalDatatype>
<dataTypeSize>20 CHAR</dataTypeSize>
<ownDataTypeParameters>,,</ownDataTypeParameters>
</Attribute>
<Attribute name="Nazwisko1" id="FA08B552-FE05-E897-183D-DD7330016BBF">
<createdBy>anna</createdBy>
<createdTime>2021-12-02 19:14:14 UTC</createdTime>
<generatorID>7D3BDD98-0732-BC11-5B87-E049DA260C7B</generatorID>
<ownerDesignName>app</ownerDesignName>
<engineerTo>
<item key="AB9C3F5F-DFC0-15C7-CFC6-1ADF5BA04123" value="true"/>
</engineerTo>
<referedAttribute>48356576-7998-3051-6EB9-75A446155D79</referedAttribute>
<useDomainConstraints>false</useDomainConstraints>
<use>1</use>
<logicalDatatype>LOGDT024</logicalDatatype>
<dataTypeSize>30 CHAR</dataTypeSize>
<ownDataTypeParameters>,,</ownDataTypeParameters>
</Attribute>
<Attribute name="Nazwa" id="B99E78CA-F347-73EA-B481-4D2C45F1385D">
<createdBy>anna</createdBy>
<createdTime>2021-12-02 19:14:30 UTC</createdTime>
<generatorID>6EC0BCD7-A46A-68CC-DCF3-A5AB8477232E</generatorID>
<ownerDesignName>app</ownerDesignName>
<engineerTo>
<item key="AB9C3F5F-DFC0-15C7-CFC6-1ADF5BA04123" value="true"/>
</engineerTo>
<referedAttribute>DC678489-BE08-60E9-A5EB-DC0261E222C6</referedAttribute>
<useDomainConstraints>false</useDomainConstraints>
<use>1</use>
<logicalDatatype>LOGDT024</logicalDatatype>
<dataTypeSize>50 CHAR</dataTypeSize>
<ownDataTypeParameters>,,</ownDataTypeParameters>
</Attribute>
<Attribute name="Tytuł" id="9A4072CC-C544-8E23-4D29-2B630FFA52AA">
<createdBy>anna</createdBy>
<createdTime>2021-12-02 19:16:11 UTC</createdTime>
<generatorID>A6E0F53D-CC0A-50F0-00B7-CD67941D6B99</generatorID>
<ownerDesignName>app</ownerDesignName>
<engineerTo>
<item key="AB9C3F5F-DFC0-15C7-CFC6-1ADF5BA04123" value="true"/>
</engineerTo>
<referedAttribute>85DD8A7C-53EE-7A9D-2A70-653623704316</referedAttribute>
<useDomainConstraints>false</useDomainConstraints>
<use>1</use>
<logicalDatatype>LOGDT024</logicalDatatype>
<dataTypeSize>30 CHAR</dataTypeSize>
<ownDataTypeParameters>,,</ownDataTypeParameters>
</Attribute>
<Attribute name="Koszt_zakupu" id="9565D147-8DBD-C8A3-0ED9-1E16F8CC75F7">
<createdBy>anna</createdBy>
<createdTime>2021-12-02 19:23:36 UTC</createdTime>
<ownerDesignName>app</ownerDesignName>
<engineerTo>
<item key="AB9C3F5F-DFC0-15C7-CFC6-1ADF5BA04123" value="true"/>
</engineerTo>
<nullsAllowed>true</nullsAllowed>
<useDomainConstraints>false</useDomainConstraints>
<use>1</use>
<logicalDatatype>LOGDT021</logicalDatatype>
<ownDataTypeParameters>,,</ownDataTypeParameters>
</Attribute>
</attributes>
<identifiers itemClass="oracle.dbtools.crest.model.design.logical.CandidateKey">
<identifier id="23880815-2DE1-FC66-414E-48DEC45787F0" name="Właściciel_gry PK">
<createdBy>anna</createdBy>
<createdTime>2021-11-30 21:02:18 UTC</createdTime>
<ownerDesignName>app</ownerDesignName>
<engineerTo>
<item key="AB9C3F5F-DFC0-15C7-CFC6-1ADF5BA04123" value="true"/>
</engineerTo>
<pk>true</pk>
<usedAttributes>
<attributeRef>9A4072CC-C544-8E23-4D29-2B630FFA52AA</attributeRef>
</usedAttributes>
</identifier>
</identifiers>
</Entity>