<?xml version = '1.0' encoding = 'UTF-8'?>
<Entity class="oracle.dbtools.crest.model.design.logical.Entity" directorySegmentName="seg_0" id="FE31F2CB-A31C-4E15-CD49-981257411F5A" name="Członek_klubu">
<createdBy>anna</createdBy>
<createdTime>2021-11-30 21:09:55 UTC</createdTime>
<ownerDesignName>app</ownerDesignName>
<engineerTo>
<item key="AB9C3F5F-DFC0-15C7-CFC6-1ADF5BA04123" value="true"/>
</engineerTo>
<adequatelyNormalized>NO</adequatelyNormalized>
<expectedVolumes>0</expectedVolumes>
<fwdEngineeringStrategyName>Single Table</fwdEngineeringStrategyName>
<growthPercent>0</growthPercent>
<growthType>Year</growthType>
<maxVolumes>9999999</maxVolumes>
<minVolumes>0</minVolumes>
<normalForm>Third</normalForm>
<preferredAbbreviation>Członkowie_klubu</preferredAbbreviation>
<shortName>Członek</shortName>
<createSurrogateKey>true</createSurrogateKey>
<attributes itemClass="oracle.dbtools.crest.model.design.logical.Attribute">
<Attribute name="Rola" id="4E11C703-7814-831D-54E4-C72247088150">
<createdBy>anna</createdBy>
<createdTime>2021-11-30 21:10:08 UTC</createdTime>
<ownerDesignName>app</ownerDesignName>
<engineerTo>
<item key="AB9C3F5F-DFC0-15C7-CFC6-1ADF5BA04123" value="true"/>
</engineerTo>
<useDomainConstraints>false</useDomainConstraints>
<use>1</use>
<logicalDatatype>LOGDT024</logicalDatatype>
<dataTypeSize>30 CHAR</dataTypeSize>
<ownDataTypeParameters>30 CHAR,,</ownDataTypeParameters>
</Attribute>
<Attribute name="Data_dołączenia" id="E66DB709-E971-3E18-636F-21D6B8887A72">
<createdBy>anna</createdBy>
<createdTime>2021-11-30 21:10:50 UTC</createdTime>
<ownerDesignName>app</ownerDesignName>
<engineerTo>
<item key="AB9C3F5F-DFC0-15C7-CFC6-1ADF5BA04123" value="true"/>
</engineerTo>
<useDomainConstraints>false</useDomainConstraints>
<use>1</use>
<logicalDatatype>LOGDT007</logicalDatatype>
<ownDataTypeParameters>,,</ownDataTypeParameters>
</Attribute>
<Attribute name="Nazwa" id="804458B4-DF61-B311-844D-27D8F77AFC80">
<createdBy>anna</createdBy>
<createdTime>2021-11-30 21:43:39 UTC</createdTime>
<generatorID>B1858F8D-8323-7C79-3F06-E72C02CA897E</generatorID>
<ownerDesignName>app</ownerDesignName>
<engineerTo>
<item key="AB9C3F5F-DFC0-15C7-CFC6-1ADF5BA04123" value="true"/>
</engineerTo>
<referedAttribute>DC678489-BE08-60E9-A5EB-DC0261E222C6</referedAttribute>
<useDomainConstraints>false</useDomainConstraints>
<use>1</use>
<logicalDatatype>LOGDT024</logicalDatatype>
<dataTypeSize>50 CHAR</dataTypeSize>
<ownDataTypeParameters>50 CHAR,,</ownDataTypeParameters>
</Attribute>
<Attribute name="Imię" id="7B574AE4-59B0-EB01-5C1F-7087EC929CE8">
<createdBy>anna</createdBy>
<createdTime>2021-11-30 22:02:59 UTC</createdTime>
<generatorID>E005E5E0-B6D6-6B3F-FA6E-4CCCCDE31ECC</generatorID>
<ownerDesignName>app</ownerDesignName>
<engineerTo>
<item key="AB9C3F5F-DFC0-15C7-CFC6-1ADF5BA04123" value="true"/>
</engineerTo>
<referedAttribute>EB5C94EA-A1E1-7DFD-20A8-24D9C1BCC67C</referedAttribute>
<useDomainConstraints>false</useDomainConstraints>
<use>1</use>
<logicalDatatype>LOGDT024</logicalDatatype>
<dataTypeSize>20 CHAR</dataTypeSize>
<ownDataTypeParameters>20 CHAR,,</ownDataTypeParameters>
</Attribute>
<Attribute name="Nazwisko" id="6B19A49D-EE84-1EBF-2C96-0AD2E18FC4DA">
<createdBy>anna</createdBy>
<createdTime>2021-11-30 22:02:59 UTC</createdTime>
<generatorID>E005E5E0-B6D6-6B3F-FA6E-4CCCCDE31ECC</generatorID>
<ownerDesignName>app</ownerDesignName>
<engineerTo>
<item key="AB9C3F5F-DFC0-15C7-CFC6-1ADF5BA04123" value="true"/>
</engineerTo>
<referedAttribute>48356576-7998-3051-6EB9-75A446155D79</referedAttribute>
<useDomainConstraints>false</useDomainConstraints>
<use>1</use>
<logicalDatatype>LOGDT024</logicalDatatype>
<dataTypeSize>30 CHAR</dataTypeSize>
<ownDataTypeParameters>30 CHAR,,</ownDataTypeParameters>
</Attribute>
</attributes>
<identifiers itemClass="oracle.dbtools.crest.model.design.logical.CandidateKey">
<identifier id="A7CFA354-0BF2-F9CD-6086-F8A101A6C9BE" name="Członek_klubu PK">
<createdBy>anna</createdBy>
<createdTime>2021-11-30 22:02:35 UTC</createdTime>
<ownerDesignName>app</ownerDesignName>
<shouldEngineer>false</shouldEngineer>
<engineerTo>
<item key="AB9C3F5F-DFC0-15C7-CFC6-1ADF5BA04123" value="false"/>
</engineerTo>
<pk>true</pk>
<usedAttributes>
<attributeRef>7B574AE4-59B0-EB01-5C1F-7087EC929CE8</attributeRef>
<attributeRef>6B19A49D-EE84-1EBF-2C96-0AD2E18FC4DA</attributeRef>
<attributeRef>804458B4-DF61-B311-844D-27D8F77AFC80</attributeRef>
</usedAttributes>
</identifier>
</identifiers>
</Entity>