<?xml version = '1.0' encoding = 'UTF-8'?>
<Diagram class="oracle.dbtools.crest.swingui.relational.DPVRelational" name="Relational_1" id="5AEDDDA0-DC41-47D6-47DA-BB1362CE9B1C">
<createdBy>anna</createdBy>
<modifiedBy>anna</modifiedBy>
<createdTime>2021-11-30 20:43:13 UTC</createdTime>
<autoRoute>false</autoRoute>
<boxInbox>true</boxInbox>
<showLegend>false</showLegend>
<showLabels>false</showLabels>
<showRelAttributes>false</showRelAttributes>
<gridEnabled>false</gridEnabled>
<showGrid>false</showGrid>
<diagramColor>-1</diagramColor>
<display>false</display>
<notation>1</notation>
<objectViews>
<OView class="oracle.dbtools.crest.swingui.relational.TVTable" oid="07973DB8-70C8-BE9F-3AE5-7BEECC1D57DA" otype="Table" vid="3663EFB7-2D5C-64AD-E2C3-FEDC49817728">
<hideElementsInCurrentOnly>false</hideElementsInCurrentOnly>
<bounds x="69" y="306" width="170" height="114"/>
</OView>
<OView class="oracle.dbtools.crest.swingui.relational.TVTable" oid="0EF3FD88-448D-4F40-3DBB-8F30DD972ACF" otype="Table" vid="A84A9629-59AC-DB13-38BC-09A75DA1CBC3">
<hideElementsInCurrentOnly>false</hideElementsInCurrentOnly>
<bounds x="809" y="734" width="423" height="237"/>
</OView>
<OView class="oracle.dbtools.crest.swingui.relational.TVTable" oid="34AEB86D-3D91-B56E-7FD4-EB182652FA8A" otype="Table" vid="20FC5376-DC68-3858-1D63-4A4C0FC74E0C">
<hideElementsInCurrentOnly>false</hideElementsInCurrentOnly>
<bounds x="517" y="23" width="170" height="118"/>
</OView>
<OView class="oracle.dbtools.crest.swingui.relational.TVTable" oid="3CED6297-7363-A200-D4A0-9D2E10DAC212" otype="Table" vid="8B5E3B02-D1FF-B603-258F-EB57514D8EA6">
<hideElementsInCurrentOnly>false</hideElementsInCurrentOnly>
<bounds x="473" y="513" width="274" height="213"/>
</OView>
<OView class="oracle.dbtools.crest.swingui.relational.TVTable" oid="40E7FCC1-AC52-A8EB-BC3C-84EED88A1623" otype="Table" vid="99379999-B915-1D7A-14ED-B8B8D4445272">
<hideElementsInCurrentOnly>false</hideElementsInCurrentOnly>
<bounds x="352" y="1052" width="412" height="200"/>
</OView>
<OView class="oracle.dbtools.crest.swingui.relational.TVTable" oid="44796F60-C27D-98D7-CC15-9D39B7CF2643" otype="Table" vid="77E1BD64-243F-77B6-3C2E-62D96B9543F9">
<hideElementsInCurrentOnly>false</hideElementsInCurrentOnly>
<bounds x="1136" y="225" width="359" height="110"/>
</OView>
<OView class="oracle.dbtools.crest.swingui.relational.TVTable" oid="5BCE7FFB-3438-A41F-EAFE-CD68307D3A34" otype="Table" vid="591BA0D7-E045-6BBF-DB2E-6CCF84E9258B">
<hideElementsInCurrentOnly>false</hideElementsInCurrentOnly>
<bounds x="1261" y="1052" width="170" height="124"/>
</OView>
<OView class="oracle.dbtools.crest.swingui.relational.TVTable" oid="6DE988D5-0848-22AF-B889-AC71DB21E182" otype="Table" vid="73D96A13-88D2-F3CE-AA05-D225F70FA712">
<hideElementsInCurrentOnly>false</hideElementsInCurrentOnly>
<bounds x="1249" y="81" width="170" height="114"/>
</OView>
<OView class="oracle.dbtools.crest.swingui.relational.TVTable" oid="7BBA9C19-66FE-9FA6-C3E3-D9D5D759BFFB" otype="Table" vid="8846825C-DE91-DF35-91D1-3C4F9368DA76">
<hideElementsInCurrentOnly>false</hideElementsInCurrentOnly>
<bounds x="1263" y="771" width="302" height="199"/>
</OView>
<OView class="oracle.dbtools.crest.swingui.relational.TVTable" oid="9322C675-9E1A-4794-5C3E-5B63106CCC96" otype="Table" vid="42D8EA33-ABB7-E03F-589F-61DFDD451BBC">
<hideElementsInCurrentOnly>false</hideElementsInCurrentOnly>
<bounds x="333" y="231" width="289" height="212"/>
</OView>
<OView class="oracle.dbtools.crest.swingui.relational.TVTable" oid="9B84A9C8-D25B-A334-073A-DEC19421BC7A" otype="Table" vid="9FAF21F6-4F59-244B-9629-E099195486C8">
<hideElementsInCurrentOnly>false</hideElementsInCurrentOnly>
<bounds x="37" y="596" width="294" height="207"/>
</OView>
<OView class="oracle.dbtools.crest.swingui.relational.TVTable" oid="9C94CC83-0DA4-8C4F-F3D5-0115ADE5F7FC" otype="Table" vid="004107F1-7CEA-C8D9-19B6-330ACA32D2F4">
<hideElementsInCurrentOnly>false</hideElementsInCurrentOnly>
<bounds x="952" y="307" width="170" height="118"/>
</OView>
<OView class="oracle.dbtools.crest.swingui.relational.TVTable" oid="A37B8F03-E6C4-AB8E-4E47-09E2B3B38F9E" otype="Table" vid="D4D0B7B6-E7AE-6F15-4021-C51517EE3236">
<hideElementsInCurrentOnly>false</hideElementsInCurrentOnly>
<bounds x="280" y="22" width="170" height="110"/>
</OView>
<OView class="oracle.dbtools.crest.swingui.relational.TVTable" oid="B9705F00-83CE-C532-A622-F3D8DE16458F" otype="Table" vid="03213AF3-223E-9A91-78D1-432E533CE12B">
<hideElementsInCurrentOnly>false</hideElementsInCurrentOnly>
<bounds x="644" y="213" width="262" height="207"/>
</OView>
<OView class="oracle.dbtools.crest.swingui.relational.TVTable" oid="CBBC97A6-9ABA-5B8A-CA37-CD7D194C63BC" otype="Table" vid="CCE2FEF3-88B3-5D19-C835-C669468EF177">
<hideElementsInCurrentOnly>false</hideElementsInCurrentOnly>
<bounds x="496" y="815" width="243" height="170"/>
</OView>
<OView class="oracle.dbtools.crest.swingui.relational.TVTable" oid="D1F374C1-4AA1-ED7F-510A-E51ECE5195BF" otype="Table" vid="D8F4B259-33F8-E0A6-06EB-EA9CF1DADA67">
<hideElementsInCurrentOnly>false</hideElementsInCurrentOnly>
<bounds x="944" y="562" width="170" height="120"/>
</OView>
<OView class="oracle.dbtools.crest.swingui.relational.TVTable" oid="E392A83E-375E-A043-6042-06F41E8CB888" otype="Table" vid="3E470F15-CEFD-FCED-8932-31AEB74ABC15">
<hideElementsInCurrentOnly>false</hideElementsInCurrentOnly>
<bounds x="948" y="85" width="170" height="112"/>
</OView>
</objectViews>
<connectors>
<Connector class="oracle.dbtools.crest.swingui.relational.TVFKRelation" oid="2A36ABFA-286C-AEBC-3722-D362F824D7C8" otype="FKIndexAssociation" vid_source="99379999-B915-1D7A-14ED-B8B8D4445272" vid_target="A84A9629-59AC-DB13-38BC-09A75DA1CBC3">
<hideElementsInCurrentOnly>false</hideElementsInCurrentOnly>
<backgroundColor>-16777216</backgroundColor>
<lineWidth>1</lineWidth>
<points>
<point x="764" y="1081"/>
<point x="892" y="1081"/>
<point x="892" y="971"/>
</points>
</Connector>
<Connector class="oracle.dbtools.crest.swingui.relational.TVFKRelation" oid="366B9B5F-D122-D45A-4F3C-6F59C3A98C6C" otype="FKIndexAssociation" vid_source="591BA0D7-E045-6BBF-DB2E-6CCF84E9258B" vid_target="03213AF3-223E-9A91-78D1-432E533CE12B">
<hideElementsInCurrentOnly>false</hideElementsInCurrentOnly>
<backgroundColor>-16777216</backgroundColor>
<lineWidth>1</lineWidth>
<points>
<point x="1261" y="1147"/>
<point x="798" y="1147"/>
<point x="798" y="420"/>
</points>
</Connector>
<Connector class="oracle.dbtools.crest.swingui.relational.TVFKRelation" oid="40F14EE0-9DA4-9A8A-82EA-6255E770ED85" otype="FKIndexAssociation" vid_source="CCE2FEF3-88B3-5D19-C835-C669468EF177" vid_target="03213AF3-223E-9A91-78D1-432E533CE12B">
<hideElementsInCurrentOnly>false</hideElementsInCurrentOnly>
<backgroundColor>-16777216</backgroundColor>
<lineWidth>1</lineWidth>
<points>
<point x="739" y="866"/>
<point x="758" y="866"/>
<point x="758" y="420"/>
</points>
</Connector>
<Connector class="oracle.dbtools.crest.swingui.relational.TVFKRelation" oid="44A9B05E-3BD9-7599-D652-54D939FE7D7E" otype="FKIndexAssociation" vid_source="D8F4B259-33F8-E0A6-06EB-EA9CF1DADA67" vid_target="004107F1-7CEA-C8D9-19B6-330ACA32D2F4">
<hideElementsInCurrentOnly>false</hideElementsInCurrentOnly>
<backgroundColor>-16777216</backgroundColor>
<lineWidth>1</lineWidth>
<points>
<point x="1033" y="562"/>
<point x="1033" y="425"/>
</points>
</Connector>
<Connector class="oracle.dbtools.crest.swingui.relational.TVFKRelation" oid="51C3C049-BD30-4498-F25B-D4E5CA424A60" otype="FKIndexAssociation" vid_source="591BA0D7-E045-6BBF-DB2E-6CCF84E9258B" vid_target="8846825C-DE91-DF35-91D1-3C4F9368DA76">
<hideElementsInCurrentOnly>false</hideElementsInCurrentOnly>
<backgroundColor>-16777216</backgroundColor>
<lineWidth>1</lineWidth>
<points>
<point x="1362" y="1052"/>
<point x="1362" y="970"/>
</points>
</Connector>
<Connector class="oracle.dbtools.crest.swingui.relational.TVFKRelation" oid="68992255-3B58-FE1B-1D8D-BFF0F228EFE3" otype="FKIndexAssociation" vid_source="CCE2FEF3-88B3-5D19-C835-C669468EF177" vid_target="8B5E3B02-D1FF-B603-258F-EB57514D8EA6">
<hideElementsInCurrentOnly>false</hideElementsInCurrentOnly>
<backgroundColor>-16777216</backgroundColor>
<lineWidth>1</lineWidth>
<points>
<point x="647" y="815"/>
<point x="647" y="726"/>
</points>
</Connector>
<Connector class="oracle.dbtools.crest.swingui.relational.TVFKRelation" oid="8A42F6A6-0E14-1CD1-89FF-4780C7C75724" otype="FKIndexAssociation" vid_source="3E470F15-CEFD-FCED-8932-31AEB74ABC15" vid_target="004107F1-7CEA-C8D9-19B6-330ACA32D2F4">
<hideElementsInCurrentOnly>false</hideElementsInCurrentOnly>
<backgroundColor>-16777216</backgroundColor>
<lineWidth>1</lineWidth>
<points>
<point x="1035" y="197"/>
<point x="1035" y="307"/>
</points>
</Connector>
<Connector class="oracle.dbtools.crest.swingui.relational.TVFKRelation" oid="8C481288-A7FA-2D3F-6325-161EBB4D60E0" otype="FKIndexAssociation" vid_source="3E470F15-CEFD-FCED-8932-31AEB74ABC15" vid_target="77E1BD64-243F-77B6-3C2E-62D96B9543F9">
<hideElementsInCurrentOnly>false</hideElementsInCurrentOnly>
<backgroundColor>-16777216</backgroundColor>
<lineWidth>1</lineWidth>
<points>
<point x="1118" y="182"/>
<point x="1203" y="225"/>
</points>
</Connector>
<Connector class="oracle.dbtools.crest.swingui.relational.TVFKRelation" oid="90960429-AE19-99F4-8558-5351841EFD74" otype="FKIndexAssociation" vid_source="CCE2FEF3-88B3-5D19-C835-C669468EF177" vid_target="9FAF21F6-4F59-244B-9629-E099195486C8">
<hideElementsInCurrentOnly>false</hideElementsInCurrentOnly>
<backgroundColor>-16777216</backgroundColor>
<lineWidth>1</lineWidth>
<points>
<point x="496" y="875"/>
<point x="368" y="875"/>
<point x="331" y="803"/>
</points>
</Connector>
<Connector class="oracle.dbtools.crest.swingui.relational.TVFKRelation" oid="95A8BF29-03A4-9A44-9471-3CEEABEFC0E2" otype="FKIndexAssociation" vid_source="42D8EA33-ABB7-E03F-589F-61DFDD451BBC" vid_target="8B5E3B02-D1FF-B603-258F-EB57514D8EA6">
<hideElementsInCurrentOnly>false</hideElementsInCurrentOnly>
<backgroundColor>-16777216</backgroundColor>
<lineWidth>1</lineWidth>
<points>
<point x="547" y="443"/>
<point x="547" y="513"/>
</points>
</Connector>
<Connector class="oracle.dbtools.crest.swingui.relational.TVFKRelation" oid="983E901E-2869-72E2-48A6-E2EA68A7DFBA" otype="FKIndexAssociation" vid_source="CCE2FEF3-88B3-5D19-C835-C669468EF177" vid_target="8B5E3B02-D1FF-B603-258F-EB57514D8EA6">
<hideElementsInCurrentOnly>false</hideElementsInCurrentOnly>
<backgroundColor>-16777216</backgroundColor>
<lineWidth>1</lineWidth>
<points>
<point x="662" y="815"/>
<point x="662" y="726"/>
</points>
</Connector>
<Connector class="oracle.dbtools.crest.swingui.relational.TVFKRelation" oid="9FDF97D3-D98C-42A0-8EE1-5C0B6A3B55F9" otype="FKIndexAssociation" vid_source="D8F4B259-33F8-E0A6-06EB-EA9CF1DADA67" vid_target="8B5E3B02-D1FF-B603-258F-EB57514D8EA6">
<hideElementsInCurrentOnly>false</hideElementsInCurrentOnly>
<backgroundColor>-16777216</backgroundColor>
<lineWidth>1</lineWidth>
<points>
<point x="944" y="652"/>
<point x="747" y="652"/>
</points>
</Connector>
<Connector class="oracle.dbtools.crest.swingui.relational.TVFKRelation" oid="A0367F70-AB11-AFAE-1CD5-F4D5AA16EC9E" otype="FKIndexAssociation" vid_source="42D8EA33-ABB7-E03F-589F-61DFDD451BBC" vid_target="20FC5376-DC68-3858-1D63-4A4C0FC74E0C">
<hideElementsInCurrentOnly>false</hideElementsInCurrentOnly>
<backgroundColor>-16777216</backgroundColor>
<lineWidth>1</lineWidth>
<points>
<point x="569" y="231"/>
<point x="569" y="141"/>
</points>
</Connector>
<Connector class="oracle.dbtools.crest.swingui.relational.TVFKRelation" oid="A5D29347-DF92-B265-EE1A-412F310EC334" otype="FKIndexAssociation" vid_source="591BA0D7-E045-6BBF-DB2E-6CCF84E9258B" vid_target="8846825C-DE91-DF35-91D1-3C4F9368DA76">
<hideElementsInCurrentOnly>false</hideElementsInCurrentOnly>
<backgroundColor>-16777216</backgroundColor>
<lineWidth>1</lineWidth>
<points>
<point x="1347" y="1052"/>
<point x="1347" y="970"/>
</points>
</Connector>
<Connector class="oracle.dbtools.crest.swingui.relational.TVFKRelation" oid="A69CDAAF-9A89-6D5F-1AFF-930D1D45D4F5" otype="FKIndexAssociation" vid_source="42D8EA33-ABB7-E03F-589F-61DFDD451BBC" vid_target="03213AF3-223E-9A91-78D1-432E533CE12B">
<hideElementsInCurrentOnly>false</hideElementsInCurrentOnly>
<backgroundColor>-16777216</backgroundColor>
<lineWidth>1</lineWidth>
<points>
<point x="622" y="325"/>
<point x="644" y="325"/>
</points>
</Connector>
<Connector class="oracle.dbtools.crest.swingui.relational.TVFKRelation" oid="A8D16DBE-B4BD-76DE-915E-A3297840DAC5" otype="FKIndexAssociation" vid_source="CCE2FEF3-88B3-5D19-C835-C669468EF177" vid_target="99379999-B915-1D7A-14ED-B8B8D4445272">
<hideElementsInCurrentOnly>false</hideElementsInCurrentOnly>
<backgroundColor>-16777216</backgroundColor>
<lineWidth>1</lineWidth>
<points>
<point x="617" y="985"/>
<point x="617" y="1052"/>
</points>
</Connector>
<Connector class="oracle.dbtools.crest.swingui.relational.TVFKRelation" oid="B5B8698B-5EE8-CA76-A269-EEA6ECD1B23A" otype="FKIndexAssociation" vid_source="42D8EA33-ABB7-E03F-589F-61DFDD451BBC" vid_target="9FAF21F6-4F59-244B-9629-E099195486C8">
<hideElementsInCurrentOnly>false</hideElementsInCurrentOnly>
<backgroundColor>-16777216</backgroundColor>
<lineWidth>1</lineWidth>
<points>
<point x="391" y="443"/>
<point x="267" y="596"/>
</points>
</Connector>
<Connector class="oracle.dbtools.crest.swingui.relational.TVFKRelation" oid="B7634F14-4393-2121-7CFC-4730EDA4D627" otype="FKIndexAssociation" vid_source="591BA0D7-E045-6BBF-DB2E-6CCF84E9258B" vid_target="99379999-B915-1D7A-14ED-B8B8D4445272">
<hideElementsInCurrentOnly>false</hideElementsInCurrentOnly>
<backgroundColor>-16777216</backgroundColor>
<lineWidth>1</lineWidth>
<points>
<point x="1261" y="1114"/>
<point x="764" y="1114"/>
</points>
</Connector>
<Connector class="oracle.dbtools.crest.swingui.relational.TVFKRelation" oid="BEF4930B-2FED-389F-1148-F9048D8B3F72" otype="FKIndexAssociation" vid_source="8846825C-DE91-DF35-91D1-3C4F9368DA76" vid_target="A84A9629-59AC-DB13-38BC-09A75DA1CBC3">
<hideElementsInCurrentOnly>false</hideElementsInCurrentOnly>
<backgroundColor>-16777216</backgroundColor>
<lineWidth>1</lineWidth>
<points>
<point x="1263" y="870"/>
<point x="1232" y="870"/>
</points>
</Connector>
<Connector class="oracle.dbtools.crest.swingui.relational.TVFKRelation" oid="C11B558B-05E6-395E-7CE3-6F226149731B" otype="FKIndexAssociation" vid_source="3663EFB7-2D5C-64AD-E2C3-FEDC49817728" vid_target="42D8EA33-ABB7-E03F-589F-61DFDD451BBC">
<hideElementsInCurrentOnly>false</hideElementsInCurrentOnly>
<backgroundColor>-16777216</backgroundColor>
<lineWidth>1</lineWidth>
<points>
<point x="239" y="378"/>
<point x="333" y="378"/>
</points>
</Connector>
<Connector class="oracle.dbtools.crest.swingui.relational.TVFKRelation" oid="C1F3625E-AADC-2C26-AE3C-36FD0792B43C" otype="FKIndexAssociation" vid_source="004107F1-7CEA-C8D9-19B6-330ACA32D2F4" vid_target="8846825C-DE91-DF35-91D1-3C4F9368DA76">
<hideElementsInCurrentOnly>false</hideElementsInCurrentOnly>
<backgroundColor>-16777216</backgroundColor>
<lineWidth>1</lineWidth>
<points>
<point x="1122" y="376"/>
<point x="1301" y="376"/>
<point x="1301" y="771"/>
</points>
</Connector>
<Connector class="oracle.dbtools.crest.swingui.relational.TVFKRelation" oid="E09C8431-36A4-830A-8620-39B68CB04744" otype="FKIndexAssociation" vid_source="D4D0B7B6-E7AE-6F15-4021-C51517EE3236" vid_target="42D8EA33-ABB7-E03F-589F-61DFDD451BBC">
<hideElementsInCurrentOnly>false</hideElementsInCurrentOnly>
<backgroundColor>-16777216</backgroundColor>
<lineWidth>1</lineWidth>
<points>
<point x="376" y="132"/>
<point x="376" y="231"/>
</points>
</Connector>
<Connector class="oracle.dbtools.crest.swingui.relational.TVFKRelation" oid="EAF2E334-5660-60AD-1FB8-9D68763BA6F9" otype="FKIndexAssociation" vid_source="73D96A13-88D2-F3CE-AA05-D225F70FA712" vid_target="77E1BD64-243F-77B6-3C2E-62D96B9543F9">
<hideElementsInCurrentOnly>false</hideElementsInCurrentOnly>
<backgroundColor>-16777216</backgroundColor>
<lineWidth>1</lineWidth>
<points>
<point x="1334" y="195"/>
<point x="1334" y="225"/>
</points>
</Connector>
</connectors>
<arcs>
<Arc class="oracle.dbtools.crest.swingui.relational.TVFKArc" oid="3B8F2275-BB63-7A1E-E465-C0B09F297B1A" otype="FKArc" vid="DAC00092-ADEA-B74B-D123-DCAC239B58B3">
<hideElementsInCurrentOnly>false</hideElementsInCurrentOnly>
<bounds x="624" y="193" width="302" height="247"/>
</Arc>
</arcs>
</Diagram>