<?xml version = '1.0' encoding = 'UTF-8'?>
<FKIndexAssociation class="oracle.dbtools.crest.model.design.relational.FKIndexAssociation" directorySegmentName="seg_0" id="2A36ABFA-286C-AEBC-3722-D362F824D7C8" containerWithKeyObject="0EF3FD88-448D-4F40-3DBB-8F30DD972ACF" localFKIndex="4D58A8E4-98B1-8B87-031F-FF682246C2F2" name="Rozgrywka_gracze_role_Członkowie_klubu_FK">
<createdBy>anna</createdBy>
<createdTime>2021-12-10 18:57:59 UTC</createdTime>
<generatorID>6DCBA962-83AC-4F48-236C-E9DBB6CEA76C</generatorID>
<ownerDesignName>app</ownerDesignName>
<referredTableLongName>Członkowie_klubu</referredTableLongName>
<deleteRule>NO ACTION</deleteRule>
<referredTableID>40E7FCC1-AC52-A8EB-BC3C-84EED88A1623</referredTableID>
<keyObject>BA47B849-BD23-90F0-3059-2E8425D5E3F5</keyObject>
<referredKeyID>BA47B849-BD23-90F0-3059-2E8425D5E3F5</referredKeyID>
<mandatory>true</mandatory>
<refColNames>Gracze_Imię,Gracze_Nazwisko</refColNames>
<transferable>true</transferable>
<rely>false</rely>
<columnDependencyConstraintGenerateInDDL>true</columnDependencyConstraintGenerateInDDL>
</FKIndexAssociation>