<?xml version = '1.0' encoding = 'UTF-8'?>
<FKIndexAssociation class="oracle.dbtools.crest.model.design.relational.FKIndexAssociation" directorySegmentName="seg_0" id="366B9B5F-D122-D45A-4F3C-6F59C3A98C6C" containerWithKeyObject="B9705F00-83CE-C532-A622-F3D8DE16458F" localFKIndex="F0C42D2E-8A29-D3F4-18E1-ACBB6791A9A9" name="Właściciele_gry_Kluby_FK">
<createdBy>anna</createdBy>
<createdTime>2021-12-10 18:57:59 UTC</createdTime>
<generatorID>6EC0BCD7-A46A-68CC-DCF3-A5AB8477232E</generatorID>
<ownerDesignName>app</ownerDesignName>
<referredTableLongName>Kluby</referredTableLongName>
<arc>3B8F2275-BB63-7A1E-E465-C0B09F297B1A</arc>
<deleteRule>NO ACTION</deleteRule>
<referredTableID>5BCE7FFB-3438-A41F-EAFE-CD68307D3A34</referredTableID>
<keyObject>ECE33798-3423-D33D-4E25-A12D9135FC39</keyObject>
<referredKeyID>ECE33798-3423-D33D-4E25-A12D9135FC39</referredKeyID>
<mandatory>false</mandatory>
<refColNames>Nazwa</refColNames>
<transferable>true</transferable>
<rely>false</rely>
<columnDependencyConstraintGenerateInDDL>true</columnDependencyConstraintGenerateInDDL>
</FKIndexAssociation>