<?xml version = '1.0' encoding = 'UTF-8'?>
<FKIndexAssociation class="oracle.dbtools.crest.model.design.relational.FKIndexAssociation" directorySegmentName="seg_0" id="40F14EE0-9DA4-9A8A-82EA-6255E770ED85" containerWithKeyObject="B9705F00-83CE-C532-A622-F3D8DE16458F" localFKIndex="3B32B66B-31FC-7CD0-B91C-A67FE1CE2740" name="Właściciele_gry_Gracze_FK">
<createdBy>anna</createdBy>
<createdTime>2021-12-10 18:57:59 UTC</createdTime>
<generatorID>7D3BDD98-0732-BC11-5B87-E049DA260C7B</generatorID>
<ownerDesignName>app</ownerDesignName>
<referredTableLongName>Gracze</referredTableLongName>
<arc>3B8F2275-BB63-7A1E-E465-C0B09F297B1A</arc>
<deleteRule>NO ACTION</deleteRule>
<referredTableID>CBBC97A6-9ABA-5B8A-CA37-CD7D194C63BC</referredTableID>
<keyObject>0A9F390A-1CB7-4929-89C8-992DFFBE671D</keyObject>
<referredKeyID>0A9F390A-1CB7-4929-89C8-992DFFBE671D</referredKeyID>
<mandatory>false</mandatory>
<refColNames>Imię,Nazwisko</refColNames>
<transferable>true</transferable>
<rely>false</rely>
<columnDependencyConstraintGenerateInDDL>true</columnDependencyConstraintGenerateInDDL>
</FKIndexAssociation>