<?xml version = '1.0' encoding = 'UTF-8'?>
<FKIndexAssociation class="oracle.dbtools.crest.model.design.relational.FKIndexAssociation" directorySegmentName="seg_0" id="44A9B05E-3BD9-7599-D652-54D939FE7D7E" containerWithKeyObject="9C94CC83-0DA4-8C4F-F3D5-0115ADE5F7FC" localFKIndex="4EA8E2C5-23D6-7F45-0DA2-00FAF2999818" name="Turnieje_Lokalizacje_FK">
<createdBy>anna</createdBy>
<createdTime>2021-12-10 18:57:59 UTC</createdTime>
<generatorID>8F1FED59-4702-7FB9-74BE-207F0DBB6E53</generatorID>
<ownerDesignName>app</ownerDesignName>
<referredTableLongName>Lokalizacje</referredTableLongName>
<deleteRule>NO ACTION</deleteRule>
<referredTableID>D1F374C1-4AA1-ED7F-510A-E51ECE5195BF</referredTableID>
<keyObject>C6FAE418-CBBC-45AF-0D16-CCE41683B9AC</keyObject>
<referredKeyID>C6FAE418-CBBC-45AF-0D16-CCE41683B9AC</referredKeyID>
<mandatory>true</mandatory>
<refColNames>Miasto,Obiekt</refColNames>
<transferable>true</transferable>
<rely>false</rely>
<columnDependencyConstraintGenerateInDDL>true</columnDependencyConstraintGenerateInDDL>
</FKIndexAssociation>