<?xml version = '1.0' encoding = 'UTF-8'?>
<FKIndexAssociation class="oracle.dbtools.crest.model.design.relational.FKIndexAssociation" directorySegmentName="seg_0" id="51C3C049-BD30-4498-F25B-D4E5CA424A60" containerWithKeyObject="7BBA9C19-66FE-9FA6-C3E3-D9D5D759BFFB" localFKIndex="28E7B282-BE94-E0C1-B44D-DA1BF5DC625F" name="Rozgrywki_turniejowe_Kluby_FKv1">
<createdBy>anna</createdBy>
<createdTime>2021-12-10 18:57:59 UTC</createdTime>
<generatorID>D2AB7D88-3118-3AE9-3A0B-C668133F886A</generatorID>
<ownerDesignName>app</ownerDesignName>
<referredTableLongName>Kluby</referredTableLongName>
<deleteRule>NO ACTION</deleteRule>
<referredTableID>5BCE7FFB-3438-A41F-EAFE-CD68307D3A34</referredTableID>
<keyObject>ECE33798-3423-D33D-4E25-A12D9135FC39</keyObject>
<referredKeyID>ECE33798-3423-D33D-4E25-A12D9135FC39</referredKeyID>
<mandatory>true</mandatory>
<refColNames>Nazwa</refColNames>
<transferable>true</transferable>
<rely>false</rely>
<columnDependencyConstraintGenerateInDDL>true</columnDependencyConstraintGenerateInDDL>
</FKIndexAssociation>