<?xml version = '1.0' encoding = 'UTF-8'?>
<FKIndexAssociation class="oracle.dbtools.crest.model.design.relational.FKIndexAssociation" directorySegmentName="seg_0" id="68992255-3B58-FE1B-1D8D-BFF0F228EFE3" containerWithKeyObject="3CED6297-7363-A200-D4A0-9D2E10DAC212" localFKIndex="01AE59EE-1A42-F027-7003-A085A0891990" name="Rozgrywki_Gracze_FK">
<createdBy>anna</createdBy>
<createdTime>2021-12-10 18:57:59 UTC</createdTime>
<generatorID>EEB75AE8-6C50-0093-2723-B1E20AEDD0B6</generatorID>
<ownerDesignName>app</ownerDesignName>
<referredTableLongName>Gracze</referredTableLongName>
<deleteRule>NO ACTION</deleteRule>
<referredTableID>CBBC97A6-9ABA-5B8A-CA37-CD7D194C63BC</referredTableID>
<keyObject>0A9F390A-1CB7-4929-89C8-992DFFBE671D</keyObject>
<referredKeyID>0A9F390A-1CB7-4929-89C8-992DFFBE671D</referredKeyID>
<mandatory>true</mandatory>
<refColNames>Imię,Nazwisko</refColNames>
<transferable>true</transferable>
<rely>false</rely>
<columnDependencyConstraintGenerateInDDL>true</columnDependencyConstraintGenerateInDDL>
</FKIndexAssociation>