<?xml version = '1.0' encoding = 'UTF-8'?>
<FKIndexAssociation class="oracle.dbtools.crest.model.design.relational.FKIndexAssociation" directorySegmentName="seg_0" id="8A42F6A6-0E14-1CD1-89FF-4780C7C75724" containerWithKeyObject="9C94CC83-0DA4-8C4F-F3D5-0115ADE5F7FC" localFKIndex="DCEE4C22-A195-4C64-6C14-CC0EC1CE3BDB" name="Turnieje_Wydarzenia_FK">
<createdBy>anna</createdBy>
<createdTime>2021-12-10 18:57:59 UTC</createdTime>
<generatorID>E2F82688-B575-4279-2405-3CB8A215BBBB</generatorID>
<ownerDesignName>app</ownerDesignName>
<referredTableLongName>Wydarzenia</referredTableLongName>
<deleteRule>NO ACTION</deleteRule>
<referredTableID>E392A83E-375E-A043-6042-06F41E8CB888</referredTableID>
<keyObject>E9233079-2407-DEDF-F7E2-01874E50FC5B</keyObject>
<referredKeyID>E9233079-2407-DEDF-F7E2-01874E50FC5B</referredKeyID>
<mandatory>true</mandatory>
<refColNames>Nazwa</refColNames>
<transferable>true</transferable>
<rely>false</rely>
<columnDependencyConstraintGenerateInDDL>true</columnDependencyConstraintGenerateInDDL>
</FKIndexAssociation>