<?xml version = '1.0' encoding = 'UTF-8'?>
<FKIndexAssociation class="oracle.dbtools.crest.model.design.relational.FKIndexAssociation" directorySegmentName="seg_0" id="8C481288-A7FA-2D3F-6325-161EBB4D60E0" containerWithKeyObject="44796F60-C27D-98D7-CC15-9D39B7CF2643" localFKIndex="5C001EF0-E510-B526-BAE3-8EC41CC7EF42" name="Patroni_Wydarzeń_Wydarzenia_FK">
<createdBy>anna</createdBy>
<createdTime>2021-12-10 18:57:59 UTC</createdTime>
<generatorID>EEDFC0DE-FAB1-84A4-49F8-6B3AE23BCA7A</generatorID>
<ownerDesignName>app</ownerDesignName>
<referredTableLongName>Wydarzenia</referredTableLongName>
<deleteRule>NO ACTION</deleteRule>
<referredTableID>E392A83E-375E-A043-6042-06F41E8CB888</referredTableID>
<keyObject>E9233079-2407-DEDF-F7E2-01874E50FC5B</keyObject>
<referredKeyID>E9233079-2407-DEDF-F7E2-01874E50FC5B</referredKeyID>
<mandatory>true</mandatory>
<refColNames>Nazwa</refColNames>
<transferable>true</transferable>
<rely>false</rely>
<columnDependencyConstraintGenerateInDDL>true</columnDependencyConstraintGenerateInDDL>
</FKIndexAssociation>