<?xml version = '1.0' encoding = 'UTF-8'?>
<FKIndexAssociation class="oracle.dbtools.crest.model.design.relational.FKIndexAssociation" directorySegmentName="seg_0" id="90960429-AE19-99F4-8558-5351841EFD74" containerWithKeyObject="9B84A9C8-D25B-A334-073A-DEC19421BC7A" localFKIndex="98E00325-3B47-5F72-83A2-86CD44650BA1" name="Gracz_gry_oceny_Gracze_FK">
<createdBy>anna</createdBy>
<createdTime>2021-12-10 18:57:59 UTC</createdTime>
<generatorID>0E22A948-E40B-4CEC-F6F6-35C776AD2F9C</generatorID>
<ownerDesignName>app</ownerDesignName>
<referredTableLongName>Gracze</referredTableLongName>
<deleteRule>NO ACTION</deleteRule>
<referredTableID>CBBC97A6-9ABA-5B8A-CA37-CD7D194C63BC</referredTableID>
<keyObject>0A9F390A-1CB7-4929-89C8-992DFFBE671D</keyObject>
<referredKeyID>0A9F390A-1CB7-4929-89C8-992DFFBE671D</referredKeyID>
<mandatory>true</mandatory>
<refColNames>Imię,Nazwisko</refColNames>
<transferable>true</transferable>
<rely>false</rely>
<columnDependencyConstraintGenerateInDDL>true</columnDependencyConstraintGenerateInDDL>
</FKIndexAssociation>