<?xml version = '1.0' encoding = 'UTF-8'?>
<FKIndexAssociation class="oracle.dbtools.crest.model.design.relational.FKIndexAssociation" directorySegmentName="seg_0" id="95A8BF29-03A4-9A44-9471-3CEEABEFC0E2" containerWithKeyObject="3CED6297-7363-A200-D4A0-9D2E10DAC212" localFKIndex="BF5577DE-84DB-071F-0204-99847E508FE2" name="Rozgrywki_Gry_FK">
<createdBy>anna</createdBy>
<createdTime>2021-12-10 18:57:59 UTC</createdTime>
<generatorID>E1F6A203-5726-685A-0A39-B646C1D83A45</generatorID>
<ownerDesignName>app</ownerDesignName>
<referredTableLongName>Gry</referredTableLongName>
<deleteRule>NO ACTION</deleteRule>
<referredTableID>9322C675-9E1A-4794-5C3E-5B63106CCC96</referredTableID>
<keyObject>40BE8153-63DE-7AB4-3CE8-DC723D23E180</keyObject>
<referredKeyID>40BE8153-63DE-7AB4-3CE8-DC723D23E180</referredKeyID>
<mandatory>true</mandatory>
<refColNames>Tytuł</refColNames>
<transferable>true</transferable>
<rely>false</rely>
<columnDependencyConstraintGenerateInDDL>true</columnDependencyConstraintGenerateInDDL>
</FKIndexAssociation>