<?xml version = '1.0' encoding = 'UTF-8'?>
<FKIndexAssociation class="oracle.dbtools.crest.model.design.relational.FKIndexAssociation" directorySegmentName="seg_0" id="983E901E-2869-72E2-48A6-E2EA68A7DFBA" containerWithKeyObject="3CED6297-7363-A200-D4A0-9D2E10DAC212" localFKIndex="A1D78EB9-26E0-818F-B6C8-5E5B17D5FADC" name="Rozgrywki_Gracze_FKv1">
<createdBy>anna</createdBy>
<createdTime>2021-12-10 18:57:59 UTC</createdTime>
<generatorID>202193EB-9039-C058-5603-DA8331020193</generatorID>
<ownerDesignName>app</ownerDesignName>
<referredTableLongName>Gracze</referredTableLongName>
<deleteRule>NO ACTION</deleteRule>
<referredTableID>CBBC97A6-9ABA-5B8A-CA37-CD7D194C63BC</referredTableID>
<keyObject>0A9F390A-1CB7-4929-89C8-992DFFBE671D</keyObject>
<referredKeyID>0A9F390A-1CB7-4929-89C8-992DFFBE671D</referredKeyID>
<mandatory>true</mandatory>
<refColNames>Imię,Nazwisko</refColNames>
<transferable>true</transferable>
<rely>false</rely>
<columnDependencyConstraintGenerateInDDL>true</columnDependencyConstraintGenerateInDDL>
</FKIndexAssociation>