<?xml version = '1.0' encoding = 'UTF-8'?>
<FKIndexAssociation class="oracle.dbtools.crest.model.design.relational.FKIndexAssociation" directorySegmentName="seg_0" id="9FDF97D3-D98C-42A0-8EE1-5C0B6A3B55F9" containerWithKeyObject="3CED6297-7363-A200-D4A0-9D2E10DAC212" localFKIndex="6518E132-94E5-EE59-3464-4257B0E945A8" name="Rozgrywki_Lokalizacje_FK">
<createdBy>anna</createdBy>
<createdTime>2021-12-10 18:57:59 UTC</createdTime>
<generatorID>D9CAA303-E27C-2453-0B96-9A48AD8AA5AA</generatorID>
<ownerDesignName>app</ownerDesignName>
<referredTableLongName>Lokalizacje</referredTableLongName>
<deleteRule>NO ACTION</deleteRule>
<referredTableID>D1F374C1-4AA1-ED7F-510A-E51ECE5195BF</referredTableID>
<keyObject>C6FAE418-CBBC-45AF-0D16-CCE41683B9AC</keyObject>
<referredKeyID>C6FAE418-CBBC-45AF-0D16-CCE41683B9AC</referredKeyID>
<mandatory>true</mandatory>
<refColNames>Miasto,Obiekt</refColNames>
<transferable>true</transferable>
<rely>false</rely>
<columnDependencyConstraintGenerateInDDL>true</columnDependencyConstraintGenerateInDDL>
</FKIndexAssociation>