<?xml version = '1.0' encoding = 'UTF-8'?>
<FKIndexAssociation class="oracle.dbtools.crest.model.design.relational.FKIndexAssociation" directorySegmentName="seg_0" id="A0367F70-AB11-AFAE-1CD5-F4D5AA16EC9E" containerWithKeyObject="34AEB86D-3D91-B56E-7FD4-EB182652FA8A" localFKIndex="A67EC07E-07E6-401F-FFBD-42B754C453C4" name="Dodatki_Gry_FK">
<createdBy>anna</createdBy>
<createdTime>2021-12-10 18:57:59 UTC</createdTime>
<generatorID>A1F8ECC6-E278-61DC-DFEE-8EBCDFE40756</generatorID>
<ownerDesignName>app</ownerDesignName>
<referredTableLongName>Gry</referredTableLongName>
<deleteRule>NO ACTION</deleteRule>
<referredTableID>9322C675-9E1A-4794-5C3E-5B63106CCC96</referredTableID>
<keyObject>40BE8153-63DE-7AB4-3CE8-DC723D23E180</keyObject>
<referredKeyID>40BE8153-63DE-7AB4-3CE8-DC723D23E180</referredKeyID>
<mandatory>true</mandatory>
<refColNames>Tytuł</refColNames>
<transferable>true</transferable>
<rely>false</rely>
<columnDependencyConstraintGenerateInDDL>true</columnDependencyConstraintGenerateInDDL>
</FKIndexAssociation>