<?xml version = '1.0' encoding = 'UTF-8'?>
<FKIndexAssociation class="oracle.dbtools.crest.model.design.relational.FKIndexAssociation" directorySegmentName="seg_0" id="A5D29347-DF92-B265-EE1A-412F310EC334" containerWithKeyObject="7BBA9C19-66FE-9FA6-C3E3-D9D5D759BFFB" localFKIndex="E769BBC3-55DC-5889-A85B-EC4D1EE46520" name="Rozgrywki_turniejowe_Kluby_FK">
<createdBy>anna</createdBy>
<createdTime>2021-12-10 18:57:59 UTC</createdTime>
<generatorID>795923FE-82F6-235E-BA47-A6289F7187B2</generatorID>
<ownerDesignName>app</ownerDesignName>
<referredTableLongName>Kluby</referredTableLongName>
<deleteRule>NO ACTION</deleteRule>
<referredTableID>5BCE7FFB-3438-A41F-EAFE-CD68307D3A34</referredTableID>
<keyObject>ECE33798-3423-D33D-4E25-A12D9135FC39</keyObject>
<referredKeyID>ECE33798-3423-D33D-4E25-A12D9135FC39</referredKeyID>
<mandatory>true</mandatory>
<refColNames>Nazwa</refColNames>
<transferable>true</transferable>
<rely>false</rely>
<columnDependencyConstraintGenerateInDDL>true</columnDependencyConstraintGenerateInDDL>
</FKIndexAssociation>