<?xml version = '1.0' encoding = 'UTF-8'?>
<FKIndexAssociation class="oracle.dbtools.crest.model.design.relational.FKIndexAssociation" directorySegmentName="seg_0" id="A69CDAAF-9A89-6D5F-1AFF-930D1D45D4F5" containerWithKeyObject="B9705F00-83CE-C532-A622-F3D8DE16458F" localFKIndex="614134A1-DE7D-4352-C01A-7F065033EF12" name="Właściciele_gry_Gry_FK">
<createdBy>anna</createdBy>
<createdTime>2021-12-10 18:57:59 UTC</createdTime>
<generatorID>A6E0F53D-CC0A-50F0-00B7-CD67941D6B99</generatorID>
<ownerDesignName>app</ownerDesignName>
<referredTableLongName>Gry</referredTableLongName>
<deleteRule>NO ACTION</deleteRule>
<referredTableID>9322C675-9E1A-4794-5C3E-5B63106CCC96</referredTableID>
<keyObject>40BE8153-63DE-7AB4-3CE8-DC723D23E180</keyObject>
<referredKeyID>40BE8153-63DE-7AB4-3CE8-DC723D23E180</referredKeyID>
<mandatory>true</mandatory>
<refColNames>Tytuł</refColNames>
<transferable>true</transferable>
<rely>false</rely>
<columnDependencyConstraintGenerateInDDL>true</columnDependencyConstraintGenerateInDDL>
</FKIndexAssociation>