<?xml version = '1.0' encoding = 'UTF-8'?>
<FKIndexAssociation class="oracle.dbtools.crest.model.design.relational.FKIndexAssociation" directorySegmentName="seg_0" id="A8D16DBE-B4BD-76DE-915E-A3297840DAC5" containerWithKeyObject="40E7FCC1-AC52-A8EB-BC3C-84EED88A1623" localFKIndex="9F676ABF-F100-F972-97C1-91C463B9A414" name="Członkowie_klubu_Gracze_FK">
<createdBy>anna</createdBy>
<createdTime>2021-12-10 18:57:59 UTC</createdTime>
<generatorID>E005E5E0-B6D6-6B3F-FA6E-4CCCCDE31ECC</generatorID>
<ownerDesignName>app</ownerDesignName>
<referredTableLongName>Gracze</referredTableLongName>
<deleteRule>NO ACTION</deleteRule>
<referredTableID>CBBC97A6-9ABA-5B8A-CA37-CD7D194C63BC</referredTableID>
<keyObject>0A9F390A-1CB7-4929-89C8-992DFFBE671D</keyObject>
<referredKeyID>0A9F390A-1CB7-4929-89C8-992DFFBE671D</referredKeyID>
<mandatory>true</mandatory>
<refColNames>Imię,Nazwisko</refColNames>
<transferable>true</transferable>
<rely>false</rely>
<columnDependencyConstraintGenerateInDDL>true</columnDependencyConstraintGenerateInDDL>
</FKIndexAssociation>