<?xml version = '1.0' encoding = 'UTF-8'?>
<FKIndexAssociation class="oracle.dbtools.crest.model.design.relational.FKIndexAssociation" directorySegmentName="seg_0" id="B5B8698B-5EE8-CA76-A269-EEA6ECD1B23A" containerWithKeyObject="9B84A9C8-D25B-A334-073A-DEC19421BC7A" localFKIndex="C35FB710-1B98-A397-2AD3-1C9DC3F2B41D" name="Gracz_gry_oceny_Gry_FK">
<createdBy>anna</createdBy>
<createdTime>2021-12-10 18:57:59 UTC</createdTime>
<generatorID>68B9B18A-190C-7EF6-C69B-96FF25B40042</generatorID>
<ownerDesignName>app</ownerDesignName>
<referredTableLongName>Gry</referredTableLongName>
<deleteRule>NO ACTION</deleteRule>
<referredTableID>9322C675-9E1A-4794-5C3E-5B63106CCC96</referredTableID>
<keyObject>40BE8153-63DE-7AB4-3CE8-DC723D23E180</keyObject>
<referredKeyID>40BE8153-63DE-7AB4-3CE8-DC723D23E180</referredKeyID>
<mandatory>true</mandatory>
<refColNames>Tytuł</refColNames>
<transferable>true</transferable>
<rely>false</rely>
<columnDependencyConstraintGenerateInDDL>true</columnDependencyConstraintGenerateInDDL>
</FKIndexAssociation>