<?xml version = '1.0' encoding = 'UTF-8'?>
<FKIndexAssociation class="oracle.dbtools.crest.model.design.relational.FKIndexAssociation" directorySegmentName="seg_0" id="B7634F14-4393-2121-7CFC-4730EDA4D627" containerWithKeyObject="40E7FCC1-AC52-A8EB-BC3C-84EED88A1623" localFKIndex="550513CD-E820-129F-C89A-F8219526F8BE" name="Członkowie_klubu_Kluby_FK">
<createdBy>anna</createdBy>
<createdTime>2021-12-10 18:57:59 UTC</createdTime>
<generatorID>B1858F8D-8323-7C79-3F06-E72C02CA897E</generatorID>
<ownerDesignName>app</ownerDesignName>
<referredTableLongName>Kluby</referredTableLongName>
<deleteRule>NO ACTION</deleteRule>
<referredTableID>5BCE7FFB-3438-A41F-EAFE-CD68307D3A34</referredTableID>
<keyObject>ECE33798-3423-D33D-4E25-A12D9135FC39</keyObject>
<referredKeyID>ECE33798-3423-D33D-4E25-A12D9135FC39</referredKeyID>
<mandatory>true</mandatory>
<refColNames>Nazwa</refColNames>
<transferable>true</transferable>
<rely>false</rely>
<columnDependencyConstraintGenerateInDDL>true</columnDependencyConstraintGenerateInDDL>
</FKIndexAssociation>