<?xml version = '1.0' encoding = 'UTF-8'?>
<FKIndexAssociation class="oracle.dbtools.crest.model.design.relational.FKIndexAssociation" directorySegmentName="seg_0" id="BEF4930B-2FED-389F-1148-F9048D8B3F72" containerWithKeyObject="0EF3FD88-448D-4F40-3DBB-8F30DD972ACF" localFKIndex="DE98B156-583B-A299-8EBD-0E13C8001DD3" name="Rozgrywka_gracze_role_Rozgrywki_turniejowe_FK">
<createdBy>anna</createdBy>
<createdTime>2021-12-10 18:57:59 UTC</createdTime>
<generatorID>C6A40842-723A-C134-2B3C-77A2BDAAE6CE</generatorID>
<ownerDesignName>app</ownerDesignName>
<referredTableLongName>Rozgrywki_turniejowe</referredTableLongName>
<deleteRule>NO ACTION</deleteRule>
<referredTableID>7BBA9C19-66FE-9FA6-C3E3-D9D5D759BFFB</referredTableID>
<keyObject>6D360931-1156-1582-124F-2C7BF3260052</keyObject>
<referredKeyID>6D360931-1156-1582-124F-2C7BF3260052</referredKeyID>
<mandatory>true</mandatory>
<refColNames>Turnieje_Nazwa,Kluby_Nazwa,Kluby_Nazwa1,Data</refColNames>
<transferable>true</transferable>
<rely>false</rely>
<columnDependencyConstraintGenerateInDDL>true</columnDependencyConstraintGenerateInDDL>
</FKIndexAssociation>