<?xml version = '1.0' encoding = 'UTF-8'?>
<FKIndexAssociation class="oracle.dbtools.crest.model.design.relational.FKIndexAssociation" directorySegmentName="seg_0" id="C11B558B-05E6-395E-7CE3-6F226149731B" containerWithKeyObject="9322C675-9E1A-4794-5C3E-5B63106CCC96" localFKIndex="BCC5A1AA-9163-B863-1030-F23D46CC247F" name="Gry_Typy_gry_FK">
<createdBy>anna</createdBy>
<createdTime>2021-12-10 18:57:59 UTC</createdTime>
<generatorID>70E64B62-B3E6-C3BD-7AE9-7A98A2FF3CEC</generatorID>
<ownerDesignName>app</ownerDesignName>
<referredTableLongName>Typy_gry</referredTableLongName>
<deleteRule>NO ACTION</deleteRule>
<referredTableID>07973DB8-70C8-BE9F-3AE5-7BEECC1D57DA</referredTableID>
<keyObject>761FCEF8-2165-8382-072B-46FA95361407</keyObject>
<referredKeyID>761FCEF8-2165-8382-072B-46FA95361407</referredKeyID>
<mandatory>true</mandatory>
<refColNames>Gatunek</refColNames>
<transferable>true</transferable>
<rely>false</rely>
<columnDependencyConstraintGenerateInDDL>true</columnDependencyConstraintGenerateInDDL>
</FKIndexAssociation>