<?xml version = '1.0' encoding = 'UTF-8'?>
<FKIndexAssociation class="oracle.dbtools.crest.model.design.relational.FKIndexAssociation" directorySegmentName="seg_0" id="C1F3625E-AADC-2C26-AE3C-36FD0792B43C" containerWithKeyObject="7BBA9C19-66FE-9FA6-C3E3-D9D5D759BFFB" localFKIndex="7A286992-DC9F-A216-7804-C5EB036EB20C" name="Rozgrywki_turniejowe_Turnieje_FK">
<createdBy>anna</createdBy>
<createdTime>2021-12-10 18:57:59 UTC</createdTime>
<generatorID>4179011B-FD89-118F-1741-AEF282994DF9</generatorID>
<ownerDesignName>app</ownerDesignName>
<referredTableLongName>Turnieje</referredTableLongName>
<deleteRule>NO ACTION</deleteRule>
<referredTableID>9C94CC83-0DA4-8C4F-F3D5-0115ADE5F7FC</referredTableID>
<keyObject>3209E9B1-D8DD-11FE-A2E9-2AFA4BCE490D</keyObject>
<referredKeyID>3209E9B1-D8DD-11FE-A2E9-2AFA4BCE490D</referredKeyID>
<mandatory>true</mandatory>
<refColNames>Nazwa</refColNames>
<transferable>true</transferable>
<rely>false</rely>
<columnDependencyConstraintGenerateInDDL>true</columnDependencyConstraintGenerateInDDL>
</FKIndexAssociation>