<?xml version = '1.0' encoding = 'UTF-8'?>
<FKIndexAssociation class="oracle.dbtools.crest.model.design.relational.FKIndexAssociation" directorySegmentName="seg_0" id="E09C8431-36A4-830A-8620-39B68CB04744" containerWithKeyObject="9322C675-9E1A-4794-5C3E-5B63106CCC96" localFKIndex="E394A238-924B-D8BB-D4DB-858800346143" name="Gry_Autorzy_gry_FK">
<createdBy>anna</createdBy>
<createdTime>2021-12-10 18:57:59 UTC</createdTime>
<generatorID>129B2B53-2D43-0ABD-CA87-417D6EEC736C</generatorID>
<ownerDesignName>app</ownerDesignName>
<referredTableLongName>Autorzy_gry</referredTableLongName>
<deleteRule>NO ACTION</deleteRule>
<referredTableID>A37B8F03-E6C4-AB8E-4E47-09E2B3B38F9E</referredTableID>
<keyObject>91495E30-BCAA-9100-0FEB-2AA7908654E3</keyObject>
<referredKeyID>91495E30-BCAA-9100-0FEB-2AA7908654E3</referredKeyID>
<mandatory>true</mandatory>
<refColNames>Imię,Nazwisko</refColNames>
<transferable>true</transferable>
<rely>false</rely>
<columnDependencyConstraintGenerateInDDL>true</columnDependencyConstraintGenerateInDDL>
</FKIndexAssociation>