<?xml version = '1.0' encoding = 'UTF-8'?>
<FKIndexAssociation class="oracle.dbtools.crest.model.design.relational.FKIndexAssociation" directorySegmentName="seg_0" id="EAF2E334-5660-60AD-1FB8-9D68763BA6F9" containerWithKeyObject="44796F60-C27D-98D7-CC15-9D39B7CF2643" localFKIndex="B7625DCB-F31C-D565-144D-B8C6023C641E" name="Patroni_Wydarzeń_Patroni_medialni_FK">
<createdBy>anna</createdBy>
<createdTime>2021-12-10 18:57:59 UTC</createdTime>
<generatorID>EEDFC0DE-FAB1-84A4-49F8-6B3AE23BCA7A</generatorID>
<ownerDesignName>app</ownerDesignName>
<referredTableLongName>Patroni_medialni</referredTableLongName>
<deleteRule>NO ACTION</deleteRule>
<referredTableID>6DE988D5-0848-22AF-B889-AC71DB21E182</referredTableID>
<keyObject>C5644B75-BA79-77F2-486A-949EA99737E3</keyObject>
<referredKeyID>C5644B75-BA79-77F2-486A-949EA99737E3</referredKeyID>
<mandatory>true</mandatory>
<refColNames>Nazwa</refColNames>
<transferable>true</transferable>
<rely>false</rely>
<columnDependencyConstraintGenerateInDDL>true</columnDependencyConstraintGenerateInDDL>
</FKIndexAssociation>