<?xml version = '1.0' encoding = 'UTF-8'?>
<Arc class="oracle.dbtools.crest.model.design.logical.Arc" directorySegmentName="seg_0" id="DAB4CBBD-6761-F9B2-59FF-FA61068D5FB0" name="Arc_1">
<createdBy>anna</createdBy>
<createdTime>2021-12-02 19:17:39 UTC</createdTime>
<ownerDesignName>app</ownerDesignName>
<engineerTo>
<item key="AB9C3F5F-DFC0-15C7-CFC6-1ADF5BA04123" value="true"/>
</engineerTo>
<entity>DECD7D89-3758-1D42-FC31-0D69274E55FF</entity>
<relations>
<relationID>7D3BDD98-0732-BC11-5B87-E049DA260C7B</relationID>
<relationID>6EC0BCD7-A46A-68CC-DCF3-A5AB8477232E</relationID>
</relations>
</Arc>