<?xml version = '1.0' encoding = 'UTF-8'?>
<Table class="oracle.dbtools.crest.model.design.relational.Table" directorySegmentName="seg_0" id="0EF3FD88-448D-4F40-3DBB-8F30DD972ACF" name="Rozgrywka_gracze_role">
<createdBy>anna</createdBy>
<createdTime>2021-12-10 18:57:59 UTC</createdTime>
<generatorID>3D8A5A20-E056-9318-567F-8BF5261312A1</generatorID>
<ownerDesignName>app</ownerDesignName>
<abbreviation>Gracz_rola</abbreviation>
<allowColumnReorder>false</allowColumnReorder>
<existDependencyGenerateInDDl>true</existDependencyGenerateInDDl>
<parsed>true</parsed>
<columns itemClass="oracle.dbtools.crest.model.design.relational.Column">
<Column name="Rola" id="095A57F9-800F-DAC7-9756-A38EB4BCA56B">
<createdBy>anna</createdBy>
<createdTime>2021-12-10 18:57:59 UTC</createdTime>
<generatorID>8305311A-467B-8A97-4161-EDFAD96DC14A</generatorID>
<ownerDesignName>app</ownerDesignName>
<useDomainConstraints>false</useDomainConstraints>
<use>1</use>
<logicalDatatype>LOGDT024</logicalDatatype>
<dataTypeSize>30 CHAR</dataTypeSize>
<ownDataTypeParameters>30 CHAR,,</ownDataTypeParameters>
<autoIncrementCycle>false</autoIncrementCycle>
</Column>
<Column name="Nazwa" id="DB9B82CD-DE80-85B0-F856-F08FC7EF5A1C">
<createdBy>anna</createdBy>
<createdTime>2021-12-10 18:57:59 UTC</createdTime>
<generatorID>0EB57D23-CF5F-5A0C-8BDD-38D0B762F74A</generatorID>
<ownerDesignName>app</ownerDesignName>
<useDomainConstraints>false</useDomainConstraints>
<use>1</use>
<logicalDatatype>LOGDT024</logicalDatatype>
<dataTypeSize>30 CHAR</dataTypeSize>
<ownDataTypeParameters>30 CHAR,,</ownDataTypeParameters>
<previousColumn>false</previousColumn>
<autoIncrementCycle>false</autoIncrementCycle>
</Column>
<Column name="Członkowie_klubu_Gracze_Imię" id="8C6785A0-76F7-5FC0-8AB3-0F7CEE6B9799">
<createdBy>anna</createdBy>
<createdTime>2021-12-10 18:57:59 UTC</createdTime>
<generatorID>5428D7BA-ADA5-9AB5-4964-D1F07E50FBAF</generatorID>
<ownerDesignName>app</ownerDesignName>
<useDomainConstraints>false</useDomainConstraints>
<use>1</use>
<logicalDatatype>LOGDT024</logicalDatatype>
<ownDataTypeParameters>,,</ownDataTypeParameters>
<previousColumn>false</previousColumn>
<autoIncrementCycle>false</autoIncrementCycle>
</Column>
<Column name="Członkowie_klubu_Gracze_Nazwisko" id="8720D8AA-883C-B489-5087-D9C511B6C56B">
<createdBy>anna</createdBy>
<createdTime>2021-12-10 18:57:59 UTC</createdTime>
<generatorID>6E89D7A6-F76B-F2B9-E681-C6049BEB7E12</generatorID>
<ownerDesignName>app</ownerDesignName>
<useDomainConstraints>false</useDomainConstraints>
<use>1</use>
<logicalDatatype>LOGDT024</logicalDatatype>
<ownDataTypeParameters>,,</ownDataTypeParameters>
<previousColumn>false</previousColumn>
<autoIncrementCycle>false</autoIncrementCycle>
</Column>
<Column name="Nazwa1" id="EB3B12A4-56E3-962E-B869-12DD2EC3BF3A">
<createdBy>anna</createdBy>
<createdTime>2021-12-10 18:57:59 UTC</createdTime>
<generatorID>F3A243DB-D03F-C8BE-225C-427C4C909F09</generatorID>
<ownerDesignName>app</ownerDesignName>
<useDomainConstraints>false</useDomainConstraints>
<use>1</use>
<logicalDatatype>LOGDT024</logicalDatatype>
<dataTypeSize>50 CHAR</dataTypeSize>
<ownDataTypeParameters>50 CHAR,,</ownDataTypeParameters>
<previousColumn>false</previousColumn>
<autoIncrementCycle>false</autoIncrementCycle>
</Column>
<Column name="Nazwa2" id="8B4410CE-EAF4-8FEF-6546-38CE4BD22C0A">
<createdBy>anna</createdBy>
<createdTime>2021-12-10 18:57:59 UTC</createdTime>
<generatorID>BC54314B-3BBA-873B-8F11-F1A36BD025F1</generatorID>
<ownerDesignName>app</ownerDesignName>
<useDomainConstraints>false</useDomainConstraints>
<use>1</use>
<logicalDatatype>LOGDT024</logicalDatatype>
<dataTypeSize>50 CHAR</dataTypeSize>
<ownDataTypeParameters>50 CHAR,,</ownDataTypeParameters>
<previousColumn>false</previousColumn>
<autoIncrementCycle>false</autoIncrementCycle>
</Column>
<Column name="Data" id="59C2A746-FD0F-1312-A712-66F2532911A9">
<createdBy>anna</createdBy>
<createdTime>2021-12-10 18:57:59 UTC</createdTime>
<generatorID>2000FBB1-8F8B-7EE0-D1CA-738D45740EBC</generatorID>
<ownerDesignName>app</ownerDesignName>
<useDomainConstraints>false</useDomainConstraints>
<use>1</use>
<logicalDatatype>LOGDT007</logicalDatatype>
<ownDataTypeParameters>,,</ownDataTypeParameters>
<previousColumn>false</previousColumn>
<autoIncrementCycle>false</autoIncrementCycle>
</Column>
<Column name="Rozgrywki_turniejowe_Rozgrywka_turniej_ID" id="A7EE99CC-266E-B8EB-6BB7-163A1FB7023D">
<createdBy>anna</createdBy>
<createdTime>2021-12-10 19:20:21 UTC</createdTime>
<ownerDesignName>app</ownerDesignName>
<useDomainConstraints>false</useDomainConstraints>
<use>1</use>
<logicalDatatype>LOGDT019</logicalDatatype>
<ownDataTypeParameters>,,</ownDataTypeParameters>
<previousColumn>false</previousColumn>
<autoIncrementCycle>false</autoIncrementCycle>
<associations>
<colAssociation fkAssociation="BEF4930B-2FED-389F-1148-F9048D8B3F72" referredColumn="A8752572-D5CE-AFF0-6945-E6B214C4C389"/>
</associations>
</Column>
<Column name="Nazwa3" id="D4F6AAE2-630E-CA85-F30C-9889E25427A0">
<createdBy>anna</createdBy>
<createdTime>2021-12-10 19:35:43 UTC</createdTime>
<generatorID>0ABCB94C-ADDA-96C8-470C-1042A4D6F731</generatorID>
<ownerDesignName>app</ownerDesignName>
<useDomainConstraints>false</useDomainConstraints>
<use>1</use>
<logicalDatatype>LOGDT024</logicalDatatype>
<ownDataTypeParameters>,,</ownDataTypeParameters>
<previousColumn>false</previousColumn>
<autoIncrementCycle>false</autoIncrementCycle>
</Column>
<Column name="Członkowie_klubu_Członek_ID" id="5A060481-8818-266A-6D02-96BFF8486495">
<createdBy>anna</createdBy>
<createdTime>2021-12-10 19:35:43 UTC</createdTime>
<ownerDesignName>app</ownerDesignName>
<useDomainConstraints>false</useDomainConstraints>
<use>1</use>
<logicalDatatype>LOGDT019</logicalDatatype>
<ownDataTypeParameters>,,</ownDataTypeParameters>
<previousColumn>false</previousColumn>
<autoIncrementCycle>false</autoIncrementCycle>
<associations>
<colAssociation fkAssociation="2A36ABFA-286C-AEBC-3722-D362F824D7C8" referredColumn="1839A264-54F6-45AE-6645-06368CDC3772"/>
</associations>
</Column>
</columns>
<indexes itemClass="oracle.dbtools.crest.model.design.relational.Index">
<ind_PK_UK id="881E3A99-833F-C6B1-8963-9006CE9C873E" name="Rozgrywka_gracze_role_PK">
<createdBy>anna</createdBy>
<createdTime>2021-12-10 18:57:59 UTC</createdTime>
<generatorID>8B4BE1F1-F65A-16BF-A062-BA2C8C4FBF71</generatorID>
<ownerDesignName>app</ownerDesignName>
<pk>true</pk>
<indexState>Primary Constraint</indexState>
<isSurrogateKey>false</isSurrogateKey>
<indexColumnUsage>
<colUsage columnID="DB9B82CD-DE80-85B0-F856-F08FC7EF5A1C"/>
<colUsage columnID="EB3B12A4-56E3-962E-B869-12DD2EC3BF3A"/>
<colUsage columnID="8B4410CE-EAF4-8FEF-6546-38CE4BD22C0A"/>
<colUsage columnID="59C2A746-FD0F-1312-A712-66F2532911A9"/>
<colUsage columnID="095A57F9-800F-DAC7-9756-A38EB4BCA56B"/>
<colUsage columnID="8C6785A0-76F7-5FC0-8AB3-0F7CEE6B9799"/>
<colUsage columnID="8720D8AA-883C-B489-5087-D9C511B6C56B"/>
</indexColumnUsage>
</ind_PK_UK>
<ind_PK_UK id="DE98B156-583B-A299-8EBD-0E13C8001DD3" name="Rozgrywka_gracze_role_Rozgrywki_turniejowe_FK">
<createdBy>anna</createdBy>
<createdTime>2021-12-10 18:57:59 UTC</createdTime>
<generatorID>C6A40842-723A-C134-2B3C-77A2BDAAE6CE</generatorID>
<ownerDesignName>app</ownerDesignName>
<indexState>Foreign Key</indexState>
<isSurrogateKey>false</isSurrogateKey>
<indexColumnUsage>
<colUsage columnID="A7EE99CC-266E-B8EB-6BB7-163A1FB7023D"/>
</indexColumnUsage>
</ind_PK_UK>
<ind_PK_UK id="4D58A8E4-98B1-8B87-031F-FF682246C2F2" name="Rozgrywka_gracze_role_Członkowie_klubu_FK">
<createdBy>anna</createdBy>
<createdTime>2021-12-10 18:57:59 UTC</createdTime>
<generatorID>6DCBA962-83AC-4F48-236C-E9DBB6CEA76C</generatorID>
<ownerDesignName>app</ownerDesignName>
<indexState>Foreign Key</indexState>
<isSurrogateKey>false</isSurrogateKey>
<indexColumnUsage>
<colUsage columnID="5A060481-8818-266A-6D02-96BFF8486495"/>
</indexColumnUsage>
</ind_PK_UK>
</indexes>
</Table>