<?xml version = '1.0' encoding = 'UTF-8'?>
<Table class="oracle.dbtools.crest.model.design.relational.Table" directorySegmentName="seg_0" id="34AEB86D-3D91-B56E-7FD4-EB182652FA8A" name="Dodatki">
<createdBy>anna</createdBy>
<createdTime>2021-12-10 18:57:59 UTC</createdTime>
<generatorID>5EE8D091-5FCB-BAD6-830B-83B8A2194345</generatorID>
<ownerDesignName>app</ownerDesignName>
<abbreviation>Dodatek</abbreviation>
<allowColumnReorder>false</allowColumnReorder>
<existDependencyGenerateInDDl>true</existDependencyGenerateInDDl>
<parsed>true</parsed>
<columns itemClass="oracle.dbtools.crest.model.design.relational.Column">
<Column name="Podtytuł" id="03FFEA29-EE58-ACA2-29C5-4497ED9A43E7">
<createdBy>anna</createdBy>
<createdTime>2021-12-10 18:57:59 UTC</createdTime>
<generatorID>A819F502-EEDC-E363-7AB5-64E2956B8CD4</generatorID>
<ownerDesignName>app</ownerDesignName>
<useDomainConstraints>false</useDomainConstraints>
<use>1</use>
<logicalDatatype>LOGDT024</logicalDatatype>
<dataTypeSize>30 CHAR</dataTypeSize>
<ownDataTypeParameters>30 CHAR,,</ownDataTypeParameters>
<autoIncrementCycle>false</autoIncrementCycle>
</Column>
<Column name="Gry_Tytuł" id="C227E6A5-3918-B07B-B6B0-31C5DF311472">
<createdBy>anna</createdBy>
<createdTime>2021-12-10 18:57:59 UTC</createdTime>
<generatorID>228B96DF-7266-F4BB-D486-6E0C0A230F61</generatorID>
<ownerDesignName>app</ownerDesignName>
<useDomainConstraints>false</useDomainConstraints>
<use>1</use>
<logicalDatatype>LOGDT024</logicalDatatype>
<dataTypeSize>30 CHAR</dataTypeSize>
<ownDataTypeParameters>,,</ownDataTypeParameters>
<previousColumn>false</previousColumn>
<autoIncrementCycle>false</autoIncrementCycle>
<associations>
<colAssociation fkAssociation="A0367F70-AB11-AFAE-1CD5-F4D5AA16EC9E" referredColumn="5A66CED8-5F29-58B2-2CB9-25CC6DFE8626"/>
</associations>
</Column>
</columns>
<indexes itemClass="oracle.dbtools.crest.model.design.relational.Index">
<ind_PK_UK id="35949725-9B3C-4F83-7AFB-C2AEB5E3A4AA" name="Dodatki_PK">
<createdBy>anna</createdBy>
<createdTime>2021-12-10 18:57:59 UTC</createdTime>
<generatorID>F5B68731-81CE-2036-6FB7-CB2E12B6A2BA</generatorID>
<ownerDesignName>app</ownerDesignName>
<pk>true</pk>
<indexState>Primary Constraint</indexState>
<isSurrogateKey>false</isSurrogateKey>
<indexColumnUsage>
<colUsage columnID="03FFEA29-EE58-ACA2-29C5-4497ED9A43E7"/>
<colUsage columnID="C227E6A5-3918-B07B-B6B0-31C5DF311472"/>
</indexColumnUsage>
</ind_PK_UK>
<ind_PK_UK id="A67EC07E-07E6-401F-FFBD-42B754C453C4" name="Dodatki_Gry_FK">
<createdBy>anna</createdBy>
<createdTime>2021-12-10 18:57:59 UTC</createdTime>
<generatorID>A1F8ECC6-E278-61DC-DFEE-8EBCDFE40756</generatorID>
<ownerDesignName>app</ownerDesignName>
<indexState>Foreign Key</indexState>
<isSurrogateKey>false</isSurrogateKey>
<indexColumnUsage>
<colUsage columnID="C227E6A5-3918-B07B-B6B0-31C5DF311472"/>
</indexColumnUsage>
</ind_PK_UK>
</indexes>
</Table>