<?xml version = '1.0' encoding = 'UTF-8'?>
<Table class="oracle.dbtools.crest.model.design.relational.Table" directorySegmentName="seg_0" id="3CED6297-7363-A200-D4A0-9D2E10DAC212" name="Rozgrywki">
<createdBy>anna</createdBy>
<createdTime>2021-12-10 18:57:59 UTC</createdTime>
<generatorID>81ACC943-5C2C-59E7-9C07-54937D8406E0</generatorID>
<ownerDesignName>app</ownerDesignName>
<abbreviation>Rozgrywka</abbreviation>
<allowColumnReorder>false</allowColumnReorder>
<existDependencyGenerateInDDl>true</existDependencyGenerateInDDl>
<parsed>true</parsed>
<columns itemClass="oracle.dbtools.crest.model.design.relational.Column">
<Column name="Rozgrywka_ID" id="168AAA48-11C9-25C4-EED2-D644606E21B9">
<createdBy>anna</createdBy>
<createdTime>2021-12-10 19:20:21 UTC</createdTime>
<ownerDesignName>app</ownerDesignName>
<useDomainConstraints>false</useDomainConstraints>
<use>1</use>
<logicalDatatype>LOGDT019</logicalDatatype>
<ownDataTypeParameters>,,</ownDataTypeParameters>
<autoIncrementColumn>true</autoIncrementColumn>
<identityColumn>true</identityColumn>
<autoIncrementCycle>false</autoIncrementCycle>
<isSurrogateColumn>true</isSurrogateColumn>
</Column>
<Column name="Data" id="80CE8A83-B586-2CCE-FC07-EEC429B2EC6D">
<createdBy>anna</createdBy>
<createdTime>2021-12-10 18:57:59 UTC</createdTime>
<generatorID>BB66A632-81F9-0DC5-3957-EDCF8348CC81</generatorID>
<ownerDesignName>app</ownerDesignName>
<useDomainConstraints>false</useDomainConstraints>
<use>1</use>
<logicalDatatype>LOGDT007</logicalDatatype>
<ownDataTypeParameters>,,</ownDataTypeParameters>
<autoIncrementCycle>false</autoIncrementCycle>
</Column>
<Column name="Wygrywający_gracz" id="A3711358-E145-5A2C-6FC1-9FCD8BBF5F1A">
<createdBy>anna</createdBy>
<createdTime>2021-12-10 18:57:59 UTC</createdTime>
<generatorID>C508BE02-B846-C85E-AD49-F73D69335C37</generatorID>
<ownerDesignName>app</ownerDesignName>
<nullsAllowed>true</nullsAllowed>
<useDomainConstraints>false</useDomainConstraints>
<use>1</use>
<logicalDatatype>LOGDT025</logicalDatatype>
<dataTypeSize>50 CHAR</dataTypeSize>
<ownDataTypeParameters>50 CHAR,,</ownDataTypeParameters>
<autoIncrementCycle>false</autoIncrementCycle>
</Column>
<Column name="Gry_Tytuł" id="6F23CF86-D1E4-22A6-2411-08AAAD3B9B62">
<createdBy>anna</createdBy>
<createdTime>2021-12-10 18:57:59 UTC</createdTime>
<generatorID>2424D828-8AA6-999B-D191-811EA6AF34B1</generatorID>
<ownerDesignName>app</ownerDesignName>
<useDomainConstraints>false</useDomainConstraints>
<use>1</use>
<logicalDatatype>LOGDT024</logicalDatatype>
<dataTypeSize>30 CHAR</dataTypeSize>
<ownDataTypeParameters>,,</ownDataTypeParameters>
<previousColumn>false</previousColumn>
<autoIncrementCycle>false</autoIncrementCycle>
<associations>
<colAssociation fkAssociation="95A8BF29-03A4-9A44-9471-3CEEABEFC0E2" referredColumn="5A66CED8-5F29-58B2-2CB9-25CC6DFE8626"/>
</associations>
</Column>
<Column name="Gracze_Imię" id="01F7ECF7-778E-0195-3760-CC9999B0D7D6">
<createdBy>anna</createdBy>
<createdTime>2021-12-10 18:57:59 UTC</createdTime>
<generatorID>ABA85887-E80E-16EF-BD0A-7B45E95DF914</generatorID>
<ownerDesignName>app</ownerDesignName>
<useDomainConstraints>false</useDomainConstraints>
<use>1</use>
<logicalDatatype>LOGDT024</logicalDatatype>
<ownDataTypeParameters>,,</ownDataTypeParameters>
<previousColumn>false</previousColumn>
<autoIncrementCycle>false</autoIncrementCycle>
</Column>
<Column name="Gracze_Nazwisko" id="7E6CA8DE-01B9-4D1F-08D6-0254E1308E66">
<createdBy>anna</createdBy>
<createdTime>2021-12-10 18:57:59 UTC</createdTime>
<generatorID>9527D87C-6A31-9AB0-3636-068451F467BA</generatorID>
<ownerDesignName>app</ownerDesignName>
<useDomainConstraints>false</useDomainConstraints>
<use>1</use>
<logicalDatatype>LOGDT024</logicalDatatype>
<ownDataTypeParameters>,,</ownDataTypeParameters>
<previousColumn>false</previousColumn>
<autoIncrementCycle>false</autoIncrementCycle>
</Column>
<Column name="Gracze_Imię1" id="B14417F1-A278-1616-4D30-981DA1302C2E">
<createdBy>anna</createdBy>
<createdTime>2021-12-10 18:57:59 UTC</createdTime>
<generatorID>B315F77F-60F6-2ADB-6068-E31F6199DC26</generatorID>
<ownerDesignName>app</ownerDesignName>
<useDomainConstraints>false</useDomainConstraints>
<use>1</use>
<logicalDatatype>LOGDT024</logicalDatatype>
<ownDataTypeParameters>,,</ownDataTypeParameters>
<previousColumn>false</previousColumn>
<autoIncrementCycle>false</autoIncrementCycle>
</Column>
<Column name="Gracze_Nazwisko1" id="D1F1A300-FF49-D095-7978-CFD716601580">
<createdBy>anna</createdBy>
<createdTime>2021-12-10 18:57:59 UTC</createdTime>
<generatorID>9932E940-DFFB-A647-CF75-D1A4A97F9F25</generatorID>
<ownerDesignName>app</ownerDesignName>
<useDomainConstraints>false</useDomainConstraints>
<use>1</use>
<logicalDatatype>LOGDT024</logicalDatatype>
<ownDataTypeParameters>,,</ownDataTypeParameters>
<previousColumn>false</previousColumn>
<autoIncrementCycle>false</autoIncrementCycle>
</Column>
<Column name="Lokalizacje_Miasto" id="2AA1F499-36FC-BDB1-A179-53852D2E8B6F">
<createdBy>anna</createdBy>
<createdTime>2021-12-10 18:57:59 UTC</createdTime>
<generatorID>398AD1AD-223B-7C8F-F79F-949996BAC30D</generatorID>
<ownerDesignName>app</ownerDesignName>
<useDomainConstraints>false</useDomainConstraints>
<use>1</use>
<logicalDatatype>LOGDT024</logicalDatatype>
<dataTypeSize>30 CHAR</dataTypeSize>
<ownDataTypeParameters>,,</ownDataTypeParameters>
<previousColumn>false</previousColumn>
<autoIncrementCycle>false</autoIncrementCycle>
<associations>
<colAssociation fkAssociation="9FDF97D3-D98C-42A0-8EE1-5C0B6A3B55F9" referredColumn="2F0ACFA8-90D8-584B-07CA-0639CE7ACF2A"/>
</associations>
</Column>
<Column name="Lokalizacje_Obiekt" id="B175DB64-50B5-94C9-4C0A-0264BA2629E7">
<createdBy>anna</createdBy>
<createdTime>2021-12-10 18:57:59 UTC</createdTime>
<generatorID>DC356DCA-C60B-2232-5485-9BD5B236C1B4</generatorID>
<ownerDesignName>app</ownerDesignName>
<useDomainConstraints>false</useDomainConstraints>
<use>1</use>
<logicalDatatype>LOGDT024</logicalDatatype>
<dataTypeSize>30 CHAR</dataTypeSize>
<ownDataTypeParameters>,,</ownDataTypeParameters>
<previousColumn>false</previousColumn>
<autoIncrementCycle>false</autoIncrementCycle>
<associations>
<colAssociation fkAssociation="9FDF97D3-D98C-42A0-8EE1-5C0B6A3B55F9" referredColumn="B8EFDBCC-1236-902E-8DFD-83179ACC2E30"/>
</associations>
</Column>
<Column name="Gracze_Gracz_ID" id="60F8A654-25A1-A2E7-1618-9D0162636E2E">
<createdBy>anna</createdBy>
<createdTime>2021-12-10 19:35:43 UTC</createdTime>
<ownerDesignName>app</ownerDesignName>
<useDomainConstraints>false</useDomainConstraints>
<use>1</use>
<logicalDatatype>LOGDT019</logicalDatatype>
<ownDataTypeParameters>,,</ownDataTypeParameters>
<previousColumn>false</previousColumn>
<autoIncrementCycle>false</autoIncrementCycle>
<associations>
<colAssociation fkAssociation="68992255-3B58-FE1B-1D8D-BFF0F228EFE3" referredColumn="458E7515-5A8B-7BEE-7213-906DBF75EB8F"/>
</associations>
</Column>
<Column name="Gracze_Gracz_ID1" id="1C4264CC-D5EB-8BC3-C05E-27EB7731928C">
<createdBy>anna</createdBy>
<createdTime>2021-12-10 19:35:43 UTC</createdTime>
<ownerDesignName>app</ownerDesignName>
<useDomainConstraints>false</useDomainConstraints>
<use>1</use>
<logicalDatatype>LOGDT019</logicalDatatype>
<ownDataTypeParameters>,,</ownDataTypeParameters>
<previousColumn>false</previousColumn>
<autoIncrementCycle>false</autoIncrementCycle>
<associations>
<colAssociation fkAssociation="983E901E-2869-72E2-48A6-E2EA68A7DFBA" referredColumn="458E7515-5A8B-7BEE-7213-906DBF75EB8F"/>
</associations>
</Column>
</columns>
<indexes itemClass="oracle.dbtools.crest.model.design.relational.Index">
<ind_PK_UK id="21ED3E1E-5D78-F888-E302-400FBFDAFF51" name="Rozgrywka_PK">
<createdBy>anna</createdBy>
<createdTime>2021-12-10 19:20:21 UTC</createdTime>
<ownerDesignName>app</ownerDesignName>
<pk>true</pk>
<indexState>Primary Constraint</indexState>
<indexColumnUsage>
<colUsage columnID="168AAA48-11C9-25C4-EED2-D644606E21B9"/>
</indexColumnUsage>
</ind_PK_UK>
<ind_PK_UK id="13840616-3A48-FA8F-C738-041EB2C7E056" name="Rozgrywki_Gry_Tytuł_Gracze_Imię2_Gracze_Nazwisko2_Gracze_Imię_Gracze_Nazwisko_Data_UN">
<createdBy>anna</createdBy>
<createdTime>2021-12-10 18:57:59 UTC</createdTime>
<generatorID>EBF2A317-6BF7-C8C0-F583-FCAF4CA78927</generatorID>
<ownerDesignName>app</ownerDesignName>
<indexState>Unique Constraint</indexState>
<isSurrogateKey>false</isSurrogateKey>
<indexColumnUsage>
<colUsage columnID="6F23CF86-D1E4-22A6-2411-08AAAD3B9B62"/>
<colUsage columnID="B14417F1-A278-1616-4D30-981DA1302C2E"/>
<colUsage columnID="D1F1A300-FF49-D095-7978-CFD716601580"/>
<colUsage columnID="01F7ECF7-778E-0195-3760-CC9999B0D7D6"/>
<colUsage columnID="7E6CA8DE-01B9-4D1F-08D6-0254E1308E66"/>
<colUsage columnID="80CE8A83-B586-2CCE-FC07-EEC429B2EC6D"/>
</indexColumnUsage>
</ind_PK_UK>
<ind_PK_UK id="01AE59EE-1A42-F027-7003-A085A0891990" name="Rozgrywki_Gracze_FK">
<createdBy>anna</createdBy>
<createdTime>2021-12-10 18:57:59 UTC</createdTime>
<generatorID>EEB75AE8-6C50-0093-2723-B1E20AEDD0B6</generatorID>
<ownerDesignName>app</ownerDesignName>
<indexState>Foreign Key</indexState>
<isSurrogateKey>false</isSurrogateKey>
<indexColumnUsage>
<colUsage columnID="60F8A654-25A1-A2E7-1618-9D0162636E2E"/>
</indexColumnUsage>
</ind_PK_UK>
<ind_PK_UK id="A1D78EB9-26E0-818F-B6C8-5E5B17D5FADC" name="Rozgrywki_Gracze_FKv1">
<createdBy>anna</createdBy>
<createdTime>2021-12-10 18:57:59 UTC</createdTime>
<generatorID>202193EB-9039-C058-5603-DA8331020193</generatorID>
<ownerDesignName>app</ownerDesignName>
<indexState>Foreign Key</indexState>
<isSurrogateKey>false</isSurrogateKey>
<indexColumnUsage>
<colUsage columnID="1C4264CC-D5EB-8BC3-C05E-27EB7731928C"/>
</indexColumnUsage>
</ind_PK_UK>
<ind_PK_UK id="6518E132-94E5-EE59-3464-4257B0E945A8" name="Rozgrywki_Lokalizacje_FK">
<createdBy>anna</createdBy>
<createdTime>2021-12-10 18:57:59 UTC</createdTime>
<generatorID>D9CAA303-E27C-2453-0B96-9A48AD8AA5AA</generatorID>
<ownerDesignName>app</ownerDesignName>
<indexState>Foreign Key</indexState>
<isSurrogateKey>false</isSurrogateKey>
<indexColumnUsage>
<colUsage columnID="2AA1F499-36FC-BDB1-A179-53852D2E8B6F"/>
<colUsage columnID="B175DB64-50B5-94C9-4C0A-0264BA2629E7"/>
</indexColumnUsage>
</ind_PK_UK>
<ind_PK_UK id="BF5577DE-84DB-071F-0204-99847E508FE2" name="Rozgrywki_Gry_FK">
<createdBy>anna</createdBy>
<createdTime>2021-12-10 18:57:59 UTC</createdTime>
<generatorID>E1F6A203-5726-685A-0A39-B646C1D83A45</generatorID>
<ownerDesignName>app</ownerDesignName>
<indexState>Foreign Key</indexState>
<isSurrogateKey>false</isSurrogateKey>
<indexColumnUsage>
<colUsage columnID="6F23CF86-D1E4-22A6-2411-08AAAD3B9B62"/>
</indexColumnUsage>
</ind_PK_UK>
</indexes>
</Table>