<?xml version = '1.0' encoding = 'UTF-8'?>
<Table class="oracle.dbtools.crest.model.design.relational.Table" directorySegmentName="seg_0" id="40E7FCC1-AC52-A8EB-BC3C-84EED88A1623" name="Członkowie_klubu">
<createdBy>anna</createdBy>
<createdTime>2021-12-10 18:57:59 UTC</createdTime>
<generatorID>FE31F2CB-A31C-4E15-CD49-981257411F5A</generatorID>
<ownerDesignName>app</ownerDesignName>
<abbreviation>Członek</abbreviation>
<allowColumnReorder>false</allowColumnReorder>
<existDependencyGenerateInDDl>true</existDependencyGenerateInDDl>
<parsed>true</parsed>
<columns itemClass="oracle.dbtools.crest.model.design.relational.Column">
<Column name="Członek_ID" id="1839A264-54F6-45AE-6645-06368CDC3772">
<createdBy>anna</createdBy>
<createdTime>2021-12-10 19:35:43 UTC</createdTime>
<ownerDesignName>app</ownerDesignName>
<useDomainConstraints>false</useDomainConstraints>
<use>1</use>
<logicalDatatype>LOGDT019</logicalDatatype>
<ownDataTypeParameters>,,</ownDataTypeParameters>
<autoIncrementColumn>true</autoIncrementColumn>
<identityColumn>true</identityColumn>
<autoIncrementCycle>false</autoIncrementCycle>
<isSurrogateColumn>true</isSurrogateColumn>
</Column>
<Column name="Rola" id="26E5422B-A174-C020-8422-D58078EE9112">
<createdBy>anna</createdBy>
<createdTime>2021-12-10 18:57:59 UTC</createdTime>
<generatorID>4E11C703-7814-831D-54E4-C72247088150</generatorID>
<ownerDesignName>app</ownerDesignName>
<useDomainConstraints>false</useDomainConstraints>
<use>1</use>
<logicalDatatype>LOGDT024</logicalDatatype>
<dataTypeSize>30 CHAR</dataTypeSize>
<ownDataTypeParameters>30 CHAR,,</ownDataTypeParameters>
<autoIncrementCycle>false</autoIncrementCycle>
</Column>
<Column name="Data_dołączenia" id="2CC716B1-1CD8-748B-C79C-BCBD73F88ED6">
<createdBy>anna</createdBy>
<createdTime>2021-12-10 18:57:59 UTC</createdTime>
<generatorID>E66DB709-E971-3E18-636F-21D6B8887A72</generatorID>
<ownerDesignName>app</ownerDesignName>
<useDomainConstraints>false</useDomainConstraints>
<use>1</use>
<logicalDatatype>LOGDT007</logicalDatatype>
<ownDataTypeParameters>,,</ownDataTypeParameters>
<autoIncrementCycle>false</autoIncrementCycle>
</Column>
<Column name="Kluby_Nazwa" id="F891475E-264F-8EDF-0BA4-6A65A06D4957">
<createdBy>anna</createdBy>
<createdTime>2021-12-10 18:57:59 UTC</createdTime>
<generatorID>804458B4-DF61-B311-844D-27D8F77AFC80</generatorID>
<ownerDesignName>app</ownerDesignName>
<useDomainConstraints>false</useDomainConstraints>
<use>1</use>
<logicalDatatype>LOGDT024</logicalDatatype>
<dataTypeSize>50 CHAR</dataTypeSize>
<ownDataTypeParameters>,,</ownDataTypeParameters>
<previousColumn>false</previousColumn>
<autoIncrementCycle>false</autoIncrementCycle>
<associations>
<colAssociation fkAssociation="B7634F14-4393-2121-7CFC-4730EDA4D627" referredColumn="50D61EBF-CF60-2751-4F63-F21F1209B0A0"/>
</associations>
</Column>
<Column name="Gracze_Imię" id="26B67A78-44A2-54DA-DFDF-C2E1F56CC069">
<createdBy>anna</createdBy>
<createdTime>2021-12-10 18:57:59 UTC</createdTime>
<generatorID>7B574AE4-59B0-EB01-5C1F-7087EC929CE8</generatorID>
<ownerDesignName>app</ownerDesignName>
<useDomainConstraints>false</useDomainConstraints>
<use>1</use>
<logicalDatatype>LOGDT024</logicalDatatype>
<dataTypeSize>20 CHAR</dataTypeSize>
<ownDataTypeParameters>,,</ownDataTypeParameters>
<previousColumn>false</previousColumn>
<autoIncrementCycle>false</autoIncrementCycle>
<associations>
<colAssociation fkAssociation="A8D16DBE-B4BD-76DE-915E-A3297840DAC5" referredColumn="119760B6-3618-C26B-1052-C4B6B1887813"/>
</associations>
</Column>
<Column name="Gracze_Nazwisko" id="70A26656-762C-8A21-9AF7-444D823360C3">
<createdBy>anna</createdBy>
<createdTime>2021-12-10 18:57:59 UTC</createdTime>
<generatorID>6B19A49D-EE84-1EBF-2C96-0AD2E18FC4DA</generatorID>
<ownerDesignName>app</ownerDesignName>
<useDomainConstraints>false</useDomainConstraints>
<use>1</use>
<logicalDatatype>LOGDT024</logicalDatatype>
<dataTypeSize>30 CHAR</dataTypeSize>
<ownDataTypeParameters>,,</ownDataTypeParameters>
<previousColumn>false</previousColumn>
<autoIncrementCycle>false</autoIncrementCycle>
<associations>
<colAssociation fkAssociation="A8D16DBE-B4BD-76DE-915E-A3297840DAC5" referredColumn="AD1B38A7-059D-FB17-95EC-6B1AB3DAFE63"/>
</associations>
</Column>
</columns>
<indexes itemClass="oracle.dbtools.crest.model.design.relational.Index">
<ind_PK_UK id="7B833F6F-E021-83C1-E421-82A3D0E678BF" name="Członek_PK">
<createdBy>anna</createdBy>
<createdTime>2021-12-10 19:35:43 UTC</createdTime>
<ownerDesignName>app</ownerDesignName>
<pk>true</pk>
<indexState>Primary Constraint</indexState>
<indexColumnUsage>
<colUsage columnID="1839A264-54F6-45AE-6645-06368CDC3772"/>
</indexColumnUsage>
</ind_PK_UK>
<ind_PK_UK id="BA47B849-BD23-90F0-3059-2E8425D5E3F5" name="Członkowie_klubu_Gracze_Imię_Gracze_Nazwisko_UN">
<createdBy>anna</createdBy>
<createdTime>2021-12-10 18:57:59 UTC</createdTime>
<generatorID>A7CFA354-0BF2-F9CD-6086-F8A101A6C9BE</generatorID>
<ownerDesignName>app</ownerDesignName>
<indexState>Unique Constraint</indexState>
<isSurrogateKey>false</isSurrogateKey>
<indexColumnUsage>
<colUsage columnID="26B67A78-44A2-54DA-DFDF-C2E1F56CC069"/>
<colUsage columnID="70A26656-762C-8A21-9AF7-444D823360C3"/>
</indexColumnUsage>
</ind_PK_UK>
<ind_PK_UK id="9F676ABF-F100-F972-97C1-91C463B9A414" name="Członkowie_klubu_Gracze_FK">
<createdBy>anna</createdBy>
<createdTime>2021-12-10 18:57:59 UTC</createdTime>
<generatorID>E005E5E0-B6D6-6B3F-FA6E-4CCCCDE31ECC</generatorID>
<ownerDesignName>app</ownerDesignName>
<indexState>Foreign Key</indexState>
<isSurrogateKey>false</isSurrogateKey>
<indexColumnUsage>
<colUsage columnID="26B67A78-44A2-54DA-DFDF-C2E1F56CC069"/>
<colUsage columnID="70A26656-762C-8A21-9AF7-444D823360C3"/>
</indexColumnUsage>
</ind_PK_UK>
<ind_PK_UK id="550513CD-E820-129F-C89A-F8219526F8BE" name="Członkowie_klubu_Kluby_FK">
<createdBy>anna</createdBy>
<createdTime>2021-12-10 18:57:59 UTC</createdTime>
<generatorID>B1858F8D-8323-7C79-3F06-E72C02CA897E</generatorID>
<ownerDesignName>app</ownerDesignName>
<indexState>Foreign Key</indexState>
<isSurrogateKey>false</isSurrogateKey>
<indexColumnUsage>
<colUsage columnID="F891475E-264F-8EDF-0BA4-6A65A06D4957"/>
</indexColumnUsage>
</ind_PK_UK>
</indexes>
</Table>