<?xml version = '1.0' encoding = 'UTF-8'?>
<Table class="oracle.dbtools.crest.model.design.relational.Table" directorySegmentName="seg_0" id="44796F60-C27D-98D7-CC15-9D39B7CF2643" name="Patroni_Wydarzenia">
<createdBy>anna</createdBy>
<createdTime>2021-12-10 18:57:59 UTC</createdTime>
<ownerDesignName>app</ownerDesignName>
<allowColumnReorder>false</allowColumnReorder>
<existDependencyGenerateInDDl>true</existDependencyGenerateInDDl>
<parsed>true</parsed>
<columns itemClass="oracle.dbtools.crest.model.design.relational.Column">
<Column name="Wydarzenia_Nazwa" id="801328C3-5DFB-2BBF-B413-C7E55FF1E4A2">
<createdBy>anna</createdBy>
<createdTime>2021-12-10 18:57:59 UTC</createdTime>
<ownerDesignName>app</ownerDesignName>
<useDomainConstraints>false</useDomainConstraints>
<use>1</use>
<logicalDatatype>LOGDT024</logicalDatatype>
<dataTypeSize>30 CHAR</dataTypeSize>
<ownDataTypeParameters>,,</ownDataTypeParameters>
<previousColumn>false</previousColumn>
<autoIncrementCycle>false</autoIncrementCycle>
<associations>
<colAssociation fkAssociation="8C481288-A7FA-2D3F-6325-161EBB4D60E0" referredColumn="354D33C7-CD4E-4727-2636-CA5B81A76849"/>
</associations>
</Column>
<Column name="Patroni_medialni_Nazwa" id="5DA78FAD-528D-F307-F73B-753CB29D0952">
<createdBy>anna</createdBy>
<createdTime>2021-12-10 18:57:59 UTC</createdTime>
<ownerDesignName>app</ownerDesignName>
<useDomainConstraints>false</useDomainConstraints>
<use>1</use>
<logicalDatatype>LOGDT024</logicalDatatype>
<dataTypeSize>50 CHAR</dataTypeSize>
<ownDataTypeParameters>,,</ownDataTypeParameters>
<previousColumn>false</previousColumn>
<autoIncrementCycle>false</autoIncrementCycle>
<associations>
<colAssociation fkAssociation="EAF2E334-5660-60AD-1FB8-9D68763BA6F9" referredColumn="53C98FAE-3C4E-FBC4-8ED3-8E28254F2F42"/>
</associations>
</Column>
</columns>
<indexes itemClass="oracle.dbtools.crest.model.design.relational.Index">
<ind_PK_UK id="F354AF69-A00D-3C83-7CDD-DBD86D2827A3" name="Patroni_Wydarzeń">
<createdBy>anna</createdBy>
<createdTime>2021-12-10 18:57:59 UTC</createdTime>
<ownerDesignName>app</ownerDesignName>
<pk>true</pk>
<indexState>Primary Constraint</indexState>
<isSurrogateKey>false</isSurrogateKey>
<indexColumnUsage>
<colUsage columnID="801328C3-5DFB-2BBF-B413-C7E55FF1E4A2"/>
<colUsage columnID="5DA78FAD-528D-F307-F73B-753CB29D0952"/>
</indexColumnUsage>
</ind_PK_UK>
<ind_PK_UK id="5C001EF0-E510-B526-BAE3-8EC41CC7EF42" name="Patroni_Wydarzeń_Wydarzenia_FK">
<createdBy>anna</createdBy>
<createdTime>2021-12-10 18:57:59 UTC</createdTime>
<generatorID>EEDFC0DE-FAB1-84A4-49F8-6B3AE23BCA7A</generatorID>
<ownerDesignName>app</ownerDesignName>
<indexState>Foreign Key</indexState>
<isSurrogateKey>false</isSurrogateKey>
<indexColumnUsage>
<colUsage columnID="801328C3-5DFB-2BBF-B413-C7E55FF1E4A2"/>
</indexColumnUsage>
</ind_PK_UK>
<ind_PK_UK id="B7625DCB-F31C-D565-144D-B8C6023C641E" name="Patroni_Wydarzeń_Patroni_medialni_FK">
<createdBy>anna</createdBy>
<createdTime>2021-12-10 18:57:59 UTC</createdTime>
<generatorID>EEDFC0DE-FAB1-84A4-49F8-6B3AE23BCA7A</generatorID>
<ownerDesignName>app</ownerDesignName>
<indexState>Foreign Key</indexState>
<isSurrogateKey>false</isSurrogateKey>
<indexColumnUsage>
<colUsage columnID="5DA78FAD-528D-F307-F73B-753CB29D0952"/>
</indexColumnUsage>
</ind_PK_UK>
</indexes>
</Table>