<?xml version = '1.0' encoding = 'UTF-8'?>
<Table class="oracle.dbtools.crest.model.design.relational.Table" directorySegmentName="seg_0" id="5BCE7FFB-3438-A41F-EAFE-CD68307D3A34" name="Kluby">
<createdBy>anna</createdBy>
<createdTime>2021-12-10 18:57:59 UTC</createdTime>
<generatorID>622068F2-2EA7-19A6-E42F-FBFA9C4E6642</generatorID>
<ownerDesignName>app</ownerDesignName>
<abbreviation>Klub</abbreviation>
<allowColumnReorder>false</allowColumnReorder>
<existDependencyGenerateInDDl>true</existDependencyGenerateInDDl>
<parsed>true</parsed>
<columns itemClass="oracle.dbtools.crest.model.design.relational.Column">
<Column name="Klub_ID" id="E9C08AD8-81F7-2336-12CA-1E9D64BC5032">
<createdBy>anna</createdBy>
<createdTime>2021-12-10 19:25:24 UTC</createdTime>
<ownerDesignName>app</ownerDesignName>
<useDomainConstraints>false</useDomainConstraints>
<use>1</use>
<logicalDatatype>LOGDT019</logicalDatatype>
<ownDataTypeParameters>,,</ownDataTypeParameters>
<autoIncrementColumn>true</autoIncrementColumn>
<identityColumn>true</identityColumn>
<autoIncrementCycle>false</autoIncrementCycle>
<isSurrogateColumn>true</isSurrogateColumn>
</Column>
<Column name="Nazwa" id="50D61EBF-CF60-2751-4F63-F21F1209B0A0">
<createdBy>anna</createdBy>
<createdTime>2021-12-10 18:57:59 UTC</createdTime>
<generatorID>DC678489-BE08-60E9-A5EB-DC0261E222C6</generatorID>
<ownerDesignName>app</ownerDesignName>
<useDomainConstraints>false</useDomainConstraints>
<use>1</use>
<logicalDatatype>LOGDT024</logicalDatatype>
<dataTypeSize>50 CHAR</dataTypeSize>
<ownDataTypeParameters>50 CHAR,,</ownDataTypeParameters>
<autoIncrementCycle>false</autoIncrementCycle>
</Column>
</columns>
<indexes itemClass="oracle.dbtools.crest.model.design.relational.Index">
<ind_PK_UK id="07949A2F-FCBB-245A-1C3C-49282326BD2C" name="Klub_PK">
<createdBy>anna</createdBy>
<createdTime>2021-12-10 19:25:24 UTC</createdTime>
<ownerDesignName>app</ownerDesignName>
<pk>true</pk>
<indexState>Primary Constraint</indexState>
<indexColumnUsage>
<colUsage columnID="E9C08AD8-81F7-2336-12CA-1E9D64BC5032"/>
</indexColumnUsage>
</ind_PK_UK>
<ind_PK_UK id="ECE33798-3423-D33D-4E25-A12D9135FC39" name="Kluby_Nazwa_UN">
<createdBy>anna</createdBy>
<createdTime>2021-12-10 18:57:59 UTC</createdTime>
<generatorID>2D37A9D6-622B-517B-A2A5-697A70C4AD86</generatorID>
<ownerDesignName>app</ownerDesignName>
<indexState>Unique Constraint</indexState>
<isSurrogateKey>false</isSurrogateKey>
<indexColumnUsage>
<colUsage columnID="50D61EBF-CF60-2751-4F63-F21F1209B0A0"/>
</indexColumnUsage>
</ind_PK_UK>
</indexes>
</Table>