<?xml version = '1.0' encoding = 'UTF-8'?>
<Table class="oracle.dbtools.crest.model.design.relational.Table" directorySegmentName="seg_0" id="7BBA9C19-66FE-9FA6-C3E3-D9D5D759BFFB" name="Rozgrywki_turniejowe">
<createdBy>anna</createdBy>
<createdTime>2021-12-10 18:57:59 UTC</createdTime>
<generatorID>B76D305F-AC6A-EA8C-70A9-56BF2E626755</generatorID>
<ownerDesignName>app</ownerDesignName>
<abbreviation>Rozgrywka_turniej</abbreviation>
<allowColumnReorder>false</allowColumnReorder>
<existDependencyGenerateInDDl>true</existDependencyGenerateInDDl>
<parsed>true</parsed>
<columns itemClass="oracle.dbtools.crest.model.design.relational.Column">
<Column name="Rozgrywka_turniej_ID" id="A8752572-D5CE-AFF0-6945-E6B214C4C389">
<createdBy>anna</createdBy>
<createdTime>2021-12-10 19:20:21 UTC</createdTime>
<ownerDesignName>app</ownerDesignName>
<useDomainConstraints>false</useDomainConstraints>
<use>1</use>
<logicalDatatype>LOGDT019</logicalDatatype>
<ownDataTypeParameters>,,</ownDataTypeParameters>
<autoIncrementColumn>true</autoIncrementColumn>
<identityColumn>true</identityColumn>
<autoIncrementCycle>false</autoIncrementCycle>
<isSurrogateColumn>true</isSurrogateColumn>
</Column>
<Column name="Data" id="81A91E29-15D8-E084-52AD-955DE2DDA76B">
<createdBy>anna</createdBy>
<createdTime>2021-12-10 18:57:59 UTC</createdTime>
<generatorID>345B5849-4A73-1AFF-D492-A8FBCFD0A433</generatorID>
<ownerDesignName>app</ownerDesignName>
<useDomainConstraints>false</useDomainConstraints>
<use>1</use>
<logicalDatatype>LOGDT007</logicalDatatype>
<ownDataTypeParameters>,,</ownDataTypeParameters>
<autoIncrementCycle>false</autoIncrementCycle>
</Column>
<Column name="Wygrywający_klub" id="BAB7134E-E24E-DBB8-D657-BF544A2ECC5A">
<createdBy>anna</createdBy>
<createdTime>2021-12-10 18:57:59 UTC</createdTime>
<generatorID>6A721A45-8A8C-90FF-DDF0-BDB917165BE6</generatorID>
<ownerDesignName>app</ownerDesignName>
<nullsAllowed>true</nullsAllowed>
<useDomainConstraints>false</useDomainConstraints>
<use>1</use>
<logicalDatatype>LOGDT024</logicalDatatype>
<dataTypeSize>50 CHAR</dataTypeSize>
<ownDataTypeParameters>50 CHAR,,</ownDataTypeParameters>
<autoIncrementCycle>false</autoIncrementCycle>
</Column>
<Column name="Kluby_Nazwa" id="0C1F2B29-3E0B-F3A3-4F50-5FCA74CB37F8">
<createdBy>anna</createdBy>
<createdTime>2021-12-10 18:57:59 UTC</createdTime>
<generatorID>CD285035-6E54-D11E-C973-636CE2439ABF</generatorID>
<ownerDesignName>app</ownerDesignName>
<useDomainConstraints>false</useDomainConstraints>
<use>1</use>
<logicalDatatype>LOGDT024</logicalDatatype>
<dataTypeSize>50 CHAR</dataTypeSize>
<ownDataTypeParameters>50 CHAR,,</ownDataTypeParameters>
<previousColumn>false</previousColumn>
<autoIncrementCycle>false</autoIncrementCycle>
<associations>
<colAssociation fkAssociation="A5D29347-DF92-B265-EE1A-412F310EC334" referredColumn="50D61EBF-CF60-2751-4F63-F21F1209B0A0"/>
</associations>
</Column>
<Column name="Kluby_Nazwa1" id="E6BC4A53-111C-7BAC-E2ED-915032696B8C">
<createdBy>anna</createdBy>
<createdTime>2021-12-10 18:57:59 UTC</createdTime>
<generatorID>35080118-407F-FDED-9D15-C0B5F76744A3</generatorID>
<ownerDesignName>app</ownerDesignName>
<useDomainConstraints>false</useDomainConstraints>
<use>1</use>
<logicalDatatype>LOGDT024</logicalDatatype>
<dataTypeSize>50 CHAR</dataTypeSize>
<ownDataTypeParameters>50 CHAR,,</ownDataTypeParameters>
<previousColumn>false</previousColumn>
<autoIncrementCycle>false</autoIncrementCycle>
<associations>
<colAssociation fkAssociation="51C3C049-BD30-4498-F25B-D4E5CA424A60" referredColumn="50D61EBF-CF60-2751-4F63-F21F1209B0A0"/>
</associations>
</Column>
<Column name="Turnieje_Nazwa" id="F930F58C-0D1F-AD44-CA71-0FA240EFCEF5">
<createdBy>anna</createdBy>
<createdTime>2021-12-10 18:57:59 UTC</createdTime>
<generatorID>425BF2C3-E35B-B6EF-5CA9-8F66986E8F0A</generatorID>
<ownerDesignName>app</ownerDesignName>
<useDomainConstraints>false</useDomainConstraints>
<use>1</use>
<logicalDatatype>LOGDT024</logicalDatatype>
<dataTypeSize>30 CHAR</dataTypeSize>
<ownDataTypeParameters>,,</ownDataTypeParameters>
<previousColumn>false</previousColumn>
<autoIncrementCycle>false</autoIncrementCycle>
<associations>
<colAssociation fkAssociation="C1F3625E-AADC-2C26-AE3C-36FD0792B43C" referredColumn="4CF5E184-3D5F-1FCD-908C-67054BF65BC5"/>
</associations>
</Column>
<Column name="Kluby_Klub_ID" id="ED937CC1-1189-220C-1D56-B89FC922F6F2">
<createdBy>anna</createdBy>
<createdTime>2021-12-10 19:25:24 UTC</createdTime>
<ownerDesignName>app</ownerDesignName>
<useDomainConstraints>false</useDomainConstraints>
<use>1</use>
<logicalDatatype>LOGDT019</logicalDatatype>
<ownDataTypeParameters>,,</ownDataTypeParameters>
<previousColumn>false</previousColumn>
<autoIncrementCycle>false</autoIncrementCycle>
</Column>
<Column name="Kluby_Klub_ID1" id="01CF44A8-465A-807F-159E-72102661139D">
<createdBy>anna</createdBy>
<createdTime>2021-12-10 19:25:24 UTC</createdTime>
<ownerDesignName>app</ownerDesignName>
<useDomainConstraints>false</useDomainConstraints>
<use>1</use>
<logicalDatatype>LOGDT019</logicalDatatype>
<ownDataTypeParameters>,,</ownDataTypeParameters>
<previousColumn>false</previousColumn>
<autoIncrementCycle>false</autoIncrementCycle>
</Column>
</columns>
<indexes itemClass="oracle.dbtools.crest.model.design.relational.Index">
<ind_PK_UK id="7D0D3DC6-294F-0188-F22D-E1357BA20895" name="Rozgrywka_turniej_PK">
<createdBy>anna</createdBy>
<createdTime>2021-12-10 19:20:21 UTC</createdTime>
<ownerDesignName>app</ownerDesignName>
<pk>true</pk>
<indexState>Primary Constraint</indexState>
<indexColumnUsage>
<colUsage columnID="A8752572-D5CE-AFF0-6945-E6B214C4C389"/>
</indexColumnUsage>
</ind_PK_UK>
<ind_PK_UK id="6D360931-1156-1582-124F-2C7BF3260052" name="Rozgrywki_turniejowe_Turnieje_Nazwa_Kluby_Nazwa_Kluby_Nazwa2_Data_UN">
<createdBy>anna</createdBy>
<createdTime>2021-12-10 18:57:59 UTC</createdTime>
<generatorID>344A303D-E9BA-272C-D1DC-BA78D76BE444</generatorID>
<ownerDesignName>app</ownerDesignName>
<indexState>Unique Constraint</indexState>
<isSurrogateKey>false</isSurrogateKey>
<indexColumnUsage>
<colUsage columnID="F930F58C-0D1F-AD44-CA71-0FA240EFCEF5"/>
<colUsage columnID="0C1F2B29-3E0B-F3A3-4F50-5FCA74CB37F8"/>
<colUsage columnID="E6BC4A53-111C-7BAC-E2ED-915032696B8C"/>
<colUsage columnID="81A91E29-15D8-E084-52AD-955DE2DDA76B"/>
</indexColumnUsage>
</ind_PK_UK>
<ind_PK_UK id="E769BBC3-55DC-5889-A85B-EC4D1EE46520" name="Rozgrywki_turniejowe_Kluby_FK">
<createdBy>anna</createdBy>
<createdTime>2021-12-10 18:57:59 UTC</createdTime>
<generatorID>795923FE-82F6-235E-BA47-A6289F7187B2</generatorID>
<ownerDesignName>app</ownerDesignName>
<indexState>Foreign Key</indexState>
<isSurrogateKey>false</isSurrogateKey>
<indexColumnUsage>
<colUsage columnID="0C1F2B29-3E0B-F3A3-4F50-5FCA74CB37F8"/>
</indexColumnUsage>
</ind_PK_UK>
<ind_PK_UK id="28E7B282-BE94-E0C1-B44D-DA1BF5DC625F" name="Rozgrywki_turniejowe_Kluby_FKv1">
<createdBy>anna</createdBy>
<createdTime>2021-12-10 18:57:59 UTC</createdTime>
<generatorID>D2AB7D88-3118-3AE9-3A0B-C668133F886A</generatorID>
<ownerDesignName>app</ownerDesignName>
<indexState>Foreign Key</indexState>
<isSurrogateKey>false</isSurrogateKey>
<indexColumnUsage>
<colUsage columnID="E6BC4A53-111C-7BAC-E2ED-915032696B8C"/>
</indexColumnUsage>
</ind_PK_UK>
<ind_PK_UK id="7A286992-DC9F-A216-7804-C5EB036EB20C" name="Rozgrywki_turniejowe_Turnieje_FK">
<createdBy>anna</createdBy>
<createdTime>2021-12-10 18:57:59 UTC</createdTime>
<generatorID>4179011B-FD89-118F-1741-AEF282994DF9</generatorID>
<ownerDesignName>app</ownerDesignName>
<indexState>Foreign Key</indexState>
<isSurrogateKey>false</isSurrogateKey>
<indexColumnUsage>
<colUsage columnID="F930F58C-0D1F-AD44-CA71-0FA240EFCEF5"/>
</indexColumnUsage>
</ind_PK_UK>
</indexes>
</Table>