<?xml version = '1.0' encoding = 'UTF-8'?>
<Table class="oracle.dbtools.crest.model.design.relational.Table" directorySegmentName="seg_0" id="9322C675-9E1A-4794-5C3E-5B63106CCC96" name="Gry">
<createdBy>anna</createdBy>
<createdTime>2021-12-10 18:57:59 UTC</createdTime>
<generatorID>245A3C83-EB37-5181-8463-646DC39C2239</generatorID>
<ownerDesignName>app</ownerDesignName>
<abbreviation>Gra</abbreviation>
<allowColumnReorder>false</allowColumnReorder>
<existDependencyGenerateInDDl>true</existDependencyGenerateInDDl>
<parsed>true</parsed>
<columns itemClass="oracle.dbtools.crest.model.design.relational.Column">
<Column name="Tytuł" id="5A66CED8-5F29-58B2-2CB9-25CC6DFE8626">
<createdBy>anna</createdBy>
<createdTime>2021-12-10 18:57:59 UTC</createdTime>
<generatorID>85DD8A7C-53EE-7A9D-2A70-653623704316</generatorID>
<ownerDesignName>app</ownerDesignName>
<useDomainConstraints>false</useDomainConstraints>
<use>1</use>
<logicalDatatype>LOGDT024</logicalDatatype>
<dataTypeSize>30 CHAR</dataTypeSize>
<ownDataTypeParameters>30 CHAR,,</ownDataTypeParameters>
<autoIncrementCycle>false</autoIncrementCycle>
</Column>
<Column name="Autorzy_gry_Imię" id="67EE1958-D003-153B-F939-7244CF4605E2">
<createdBy>anna</createdBy>
<createdTime>2021-12-10 18:57:59 UTC</createdTime>
<generatorID>8AEBFFB7-F84D-228A-380B-EE229C8BA6DD</generatorID>
<ownerDesignName>app</ownerDesignName>
<useDomainConstraints>false</useDomainConstraints>
<use>1</use>
<logicalDatatype>LOGDT024</logicalDatatype>
<dataTypeSize>20 CHAR</dataTypeSize>
<ownDataTypeParameters>,,</ownDataTypeParameters>
<previousColumn>false</previousColumn>
<autoIncrementCycle>false</autoIncrementCycle>
<associations>
<colAssociation fkAssociation="E09C8431-36A4-830A-8620-39B68CB04744" referredColumn="7935CEEC-A636-C166-029F-DB6642D0A14F"/>
</associations>
</Column>
<Column name="Autorzy_gry_Nazwisko" id="F9FE7F68-BD1B-6C6E-B309-FA8D9658AE4A">
<createdBy>anna</createdBy>
<createdTime>2021-12-10 18:57:59 UTC</createdTime>
<generatorID>54895055-48F9-C6E2-FCC0-8B10F81B83CB</generatorID>
<ownerDesignName>app</ownerDesignName>
<useDomainConstraints>false</useDomainConstraints>
<use>1</use>
<logicalDatatype>LOGDT024</logicalDatatype>
<dataTypeSize>30 CHAR</dataTypeSize>
<ownDataTypeParameters>,,</ownDataTypeParameters>
<previousColumn>false</previousColumn>
<autoIncrementCycle>false</autoIncrementCycle>
<associations>
<colAssociation fkAssociation="E09C8431-36A4-830A-8620-39B68CB04744" referredColumn="76D798A6-A593-F9F2-B617-7193B06DDA6B"/>
</associations>
</Column>
<Column name="Typy_gry_Gatunek" id="AABEEE29-3095-5351-E2DD-DFFC22D906B3">
<createdBy>anna</createdBy>
<createdTime>2021-12-10 18:57:59 UTC</createdTime>
<generatorID>13663B6C-7379-100A-BD7D-B8E295FEAD24</generatorID>
<ownerDesignName>app</ownerDesignName>
<useDomainConstraints>false</useDomainConstraints>
<use>1</use>
<logicalDatatype>LOGDT024</logicalDatatype>
<dataTypeSize>20 CHAR</dataTypeSize>
<ownDataTypeParameters>,,</ownDataTypeParameters>
<previousColumn>false</previousColumn>
<autoIncrementCycle>false</autoIncrementCycle>
<associations>
<colAssociation fkAssociation="C11B558B-05E6-395E-7CE3-6F226149731B" referredColumn="28B0AE65-6E2D-33F7-35A8-643B9B4F00C7"/>
</associations>
</Column>
</columns>
<indexes itemClass="oracle.dbtools.crest.model.design.relational.Index">
<ind_PK_UK id="40BE8153-63DE-7AB4-3CE8-DC723D23E180" name="Gry_PK">
<createdBy>anna</createdBy>
<createdTime>2021-12-10 18:57:59 UTC</createdTime>
<generatorID>0DA18B0B-17D8-2453-8AB8-95443D72AE29</generatorID>
<ownerDesignName>app</ownerDesignName>
<pk>true</pk>
<indexState>Primary Constraint</indexState>
<isSurrogateKey>false</isSurrogateKey>
<indexColumnUsage>
<colUsage columnID="5A66CED8-5F29-58B2-2CB9-25CC6DFE8626"/>
</indexColumnUsage>
</ind_PK_UK>
<ind_PK_UK id="BCC5A1AA-9163-B863-1030-F23D46CC247F" name="Gry_Typy_gry_FK">
<createdBy>anna</createdBy>
<createdTime>2021-12-10 18:57:59 UTC</createdTime>
<generatorID>70E64B62-B3E6-C3BD-7AE9-7A98A2FF3CEC</generatorID>
<ownerDesignName>app</ownerDesignName>
<indexState>Foreign Key</indexState>
<isSurrogateKey>false</isSurrogateKey>
<indexColumnUsage>
<colUsage columnID="AABEEE29-3095-5351-E2DD-DFFC22D906B3"/>
</indexColumnUsage>
</ind_PK_UK>
<ind_PK_UK id="E394A238-924B-D8BB-D4DB-858800346143" name="Gry_Autorzy_gry_FK">
<createdBy>anna</createdBy>
<createdTime>2021-12-10 18:57:59 UTC</createdTime>
<generatorID>129B2B53-2D43-0ABD-CA87-417D6EEC736C</generatorID>
<ownerDesignName>app</ownerDesignName>
<indexState>Foreign Key</indexState>
<isSurrogateKey>false</isSurrogateKey>
<indexColumnUsage>
<colUsage columnID="67EE1958-D003-153B-F939-7244CF4605E2"/>
<colUsage columnID="F9FE7F68-BD1B-6C6E-B309-FA8D9658AE4A"/>
</indexColumnUsage>
</ind_PK_UK>
</indexes>
</Table>