<?xml version = '1.0' encoding = 'UTF-8'?>
<Table class="oracle.dbtools.crest.model.design.relational.Table" directorySegmentName="seg_0" id="9B84A9C8-D25B-A334-073A-DEC19421BC7A" name="Gracz_gry_oceny">
<createdBy>anna</createdBy>
<createdTime>2021-12-10 18:57:59 UTC</createdTime>
<generatorID>055835C2-17D2-28F1-7094-5A6E292EC869</generatorID>
<ownerDesignName>app</ownerDesignName>
<abbreviation>Gracz_ocena</abbreviation>
<allowColumnReorder>false</allowColumnReorder>
<existDependencyGenerateInDDl>true</existDependencyGenerateInDDl>
<parsed>true</parsed>
<columns itemClass="oracle.dbtools.crest.model.design.relational.Column">
<Column name="Ocena" id="946B949C-8FB7-0403-48C4-50D9ED272DAF">
<createdBy>anna</createdBy>
<createdTime>2021-12-10 18:57:59 UTC</createdTime>
<generatorID>6C2E7106-416A-5F7B-543B-F64FFFF6C4AC</generatorID>
<ownerDesignName>app</ownerDesignName>
<useDomainConstraints>false</useDomainConstraints>
<use>1</use>
<logicalDatatype>LOGDT011</logicalDatatype>
<ownDataTypeParameters>,,</ownDataTypeParameters>
<autoIncrementCycle>false</autoIncrementCycle>
</Column>
<Column name="Gry_Tytuł" id="DA20708F-CA1A-4F2D-AC2F-0A089AEC1EF0">
<createdBy>anna</createdBy>
<createdTime>2021-12-10 18:57:59 UTC</createdTime>
<generatorID>70910CF6-3B6A-D3A9-C5E5-50F350995AC5</generatorID>
<ownerDesignName>app</ownerDesignName>
<useDomainConstraints>false</useDomainConstraints>
<use>1</use>
<logicalDatatype>LOGDT024</logicalDatatype>
<dataTypeSize>30 CHAR</dataTypeSize>
<ownDataTypeParameters>,,</ownDataTypeParameters>
<previousColumn>false</previousColumn>
<autoIncrementCycle>false</autoIncrementCycle>
<associations>
<colAssociation fkAssociation="B5B8698B-5EE8-CA76-A269-EEA6ECD1B23A" referredColumn="5A66CED8-5F29-58B2-2CB9-25CC6DFE8626"/>
</associations>
</Column>
<Column name="Gracze_Imię" id="3AD935CA-E7CE-D351-29A1-3BC38D7A6786">
<createdBy>anna</createdBy>
<createdTime>2021-12-10 18:57:59 UTC</createdTime>
<generatorID>0484F062-3BCB-C8CB-F1DF-3E484DC001C9</generatorID>
<ownerDesignName>app</ownerDesignName>
<useDomainConstraints>false</useDomainConstraints>
<use>1</use>
<logicalDatatype>LOGDT024</logicalDatatype>
<ownDataTypeParameters>,,</ownDataTypeParameters>
<previousColumn>false</previousColumn>
<autoIncrementCycle>false</autoIncrementCycle>
</Column>
<Column name="Gracze_Nazwisko" id="A22345CA-2DC2-EF15-12EA-DC3E48AB84CC">
<createdBy>anna</createdBy>
<createdTime>2021-12-10 18:57:59 UTC</createdTime>
<generatorID>F32CB7A9-13F3-7162-694E-D1278EEF45C8</generatorID>
<ownerDesignName>app</ownerDesignName>
<useDomainConstraints>false</useDomainConstraints>
<use>1</use>
<logicalDatatype>LOGDT024</logicalDatatype>
<ownDataTypeParameters>,,</ownDataTypeParameters>
<previousColumn>false</previousColumn>
<autoIncrementCycle>false</autoIncrementCycle>
</Column>
<Column name="Gracze_Gracz_ID" id="ADDA301B-47C5-5AD3-11F4-994C2ABB885C">
<createdBy>anna</createdBy>
<createdTime>2021-12-10 19:35:43 UTC</createdTime>
<ownerDesignName>app</ownerDesignName>
<useDomainConstraints>false</useDomainConstraints>
<use>1</use>
<logicalDatatype>LOGDT019</logicalDatatype>
<ownDataTypeParameters>,,</ownDataTypeParameters>
<previousColumn>false</previousColumn>
<autoIncrementCycle>false</autoIncrementCycle>
<associations>
<colAssociation fkAssociation="90960429-AE19-99F4-8558-5351841EFD74" referredColumn="458E7515-5A8B-7BEE-7213-906DBF75EB8F"/>
</associations>
</Column>
</columns>
<indexes itemClass="oracle.dbtools.crest.model.design.relational.Index">
<ind_PK_UK id="98F6756C-0141-64A2-A804-46227C97871E" name="Gracz_gry_oceny_PK">
<createdBy>anna</createdBy>
<createdTime>2021-12-10 18:57:59 UTC</createdTime>
<generatorID>14FE0562-E3F9-1D5B-2F39-E24DF4208A06</generatorID>
<ownerDesignName>app</ownerDesignName>
<pk>true</pk>
<indexState>Primary Constraint</indexState>
<isSurrogateKey>false</isSurrogateKey>
<indexColumnUsage>
<colUsage columnID="946B949C-8FB7-0403-48C4-50D9ED272DAF"/>
<colUsage columnID="3AD935CA-E7CE-D351-29A1-3BC38D7A6786"/>
<colUsage columnID="A22345CA-2DC2-EF15-12EA-DC3E48AB84CC"/>
<colUsage columnID="DA20708F-CA1A-4F2D-AC2F-0A089AEC1EF0"/>
</indexColumnUsage>
</ind_PK_UK>
<ind_PK_UK id="98E00325-3B47-5F72-83A2-86CD44650BA1" name="Gracz_gry_oceny_Gracze_FK">
<createdBy>anna</createdBy>
<createdTime>2021-12-10 18:57:59 UTC</createdTime>
<generatorID>0E22A948-E40B-4CEC-F6F6-35C776AD2F9C</generatorID>
<ownerDesignName>app</ownerDesignName>
<indexState>Foreign Key</indexState>
<isSurrogateKey>false</isSurrogateKey>
<indexColumnUsage>
<colUsage columnID="ADDA301B-47C5-5AD3-11F4-994C2ABB885C"/>
</indexColumnUsage>
</ind_PK_UK>
<ind_PK_UK id="C35FB710-1B98-A397-2AD3-1C9DC3F2B41D" name="Gracz_gry_oceny_Gry_FK">
<createdBy>anna</createdBy>
<createdTime>2021-12-10 18:57:59 UTC</createdTime>
<generatorID>68B9B18A-190C-7EF6-C69B-96FF25B40042</generatorID>
<ownerDesignName>app</ownerDesignName>
<indexState>Foreign Key</indexState>
<isSurrogateKey>false</isSurrogateKey>
<indexColumnUsage>
<colUsage columnID="DA20708F-CA1A-4F2D-AC2F-0A089AEC1EF0"/>
</indexColumnUsage>
</ind_PK_UK>
</indexes>
</Table>