<?xml version = '1.0' encoding = 'UTF-8'?>
<Table class="oracle.dbtools.crest.model.design.relational.Table" directorySegmentName="seg_0" id="9C94CC83-0DA4-8C4F-F3D5-0115ADE5F7FC" name="Turnieje">
<createdBy>anna</createdBy>
<createdTime>2021-12-10 18:57:59 UTC</createdTime>
<generatorID>A8AD73E7-1199-1714-D071-9DE926CBFFDC</generatorID>
<ownerDesignName>app</ownerDesignName>
<abbreviation>Turniej</abbreviation>
<allowColumnReorder>false</allowColumnReorder>
<existDependencyGenerateInDDl>true</existDependencyGenerateInDDl>
<parsed>true</parsed>
<columns itemClass="oracle.dbtools.crest.model.design.relational.Column">
<Column name="Nazwa" id="4CF5E184-3D5F-1FCD-908C-67054BF65BC5">
<createdBy>anna</createdBy>
<createdTime>2021-12-10 18:57:59 UTC</createdTime>
<generatorID>79F4F3DE-386B-D52D-C772-014E6A472D22</generatorID>
<ownerDesignName>app</ownerDesignName>
<useDomainConstraints>false</useDomainConstraints>
<use>1</use>
<logicalDatatype>LOGDT024</logicalDatatype>
<dataTypeSize>30 CHAR</dataTypeSize>
<ownDataTypeParameters>30 CHAR,,</ownDataTypeParameters>
<autoIncrementCycle>false</autoIncrementCycle>
</Column>
<Column name="Wydarzenia_Nazwa" id="0F2FAF6D-5014-AADA-A879-0618EB85D49D">
<createdBy>anna</createdBy>
<createdTime>2021-12-10 18:57:59 UTC</createdTime>
<generatorID>C7C8D1A2-FC4B-84D1-E6B9-94A4A6BEB8C6</generatorID>
<ownerDesignName>app</ownerDesignName>
<useDomainConstraints>false</useDomainConstraints>
<use>1</use>
<logicalDatatype>LOGDT024</logicalDatatype>
<dataTypeSize>30 CHAR</dataTypeSize>
<ownDataTypeParameters>,,</ownDataTypeParameters>
<previousColumn>false</previousColumn>
<autoIncrementCycle>false</autoIncrementCycle>
<associations>
<colAssociation fkAssociation="8A42F6A6-0E14-1CD1-89FF-4780C7C75724" referredColumn="354D33C7-CD4E-4727-2636-CA5B81A76849"/>
</associations>
</Column>
<Column name="Lokalizacje_Miasto" id="5A4ABD2D-B46C-8051-747B-6FA4847101BA">
<createdBy>anna</createdBy>
<createdTime>2021-12-10 18:57:59 UTC</createdTime>
<generatorID>ED3F1F60-C6D1-BAA8-E2BF-4B9F71E5FAF9</generatorID>
<ownerDesignName>app</ownerDesignName>
<useDomainConstraints>false</useDomainConstraints>
<use>1</use>
<logicalDatatype>LOGDT024</logicalDatatype>
<dataTypeSize>30 CHAR</dataTypeSize>
<ownDataTypeParameters>,,</ownDataTypeParameters>
<previousColumn>false</previousColumn>
<autoIncrementCycle>false</autoIncrementCycle>
<associations>
<colAssociation fkAssociation="44A9B05E-3BD9-7599-D652-54D939FE7D7E" referredColumn="2F0ACFA8-90D8-584B-07CA-0639CE7ACF2A"/>
</associations>
</Column>
<Column name="Lokalizacje_Obiekt" id="2D568FA8-8A99-9890-2913-1FDEB9C7D992">
<createdBy>anna</createdBy>
<createdTime>2021-12-10 18:57:59 UTC</createdTime>
<generatorID>1636AAC5-F696-3218-8455-5375EAE314AA</generatorID>
<ownerDesignName>app</ownerDesignName>
<useDomainConstraints>false</useDomainConstraints>
<use>1</use>
<logicalDatatype>LOGDT024</logicalDatatype>
<dataTypeSize>30 CHAR</dataTypeSize>
<ownDataTypeParameters>,,</ownDataTypeParameters>
<previousColumn>false</previousColumn>
<autoIncrementCycle>false</autoIncrementCycle>
<associations>
<colAssociation fkAssociation="44A9B05E-3BD9-7599-D652-54D939FE7D7E" referredColumn="B8EFDBCC-1236-902E-8DFD-83179ACC2E30"/>
</associations>
</Column>
</columns>
<indexes itemClass="oracle.dbtools.crest.model.design.relational.Index">
<ind_PK_UK id="3209E9B1-D8DD-11FE-A2E9-2AFA4BCE490D" name="Turnieje_PK">
<createdBy>anna</createdBy>
<createdTime>2021-12-10 18:57:59 UTC</createdTime>
<generatorID>9476FAC7-01C4-B3F8-BAA8-7EFD24377259</generatorID>
<ownerDesignName>app</ownerDesignName>
<pk>true</pk>
<indexState>Primary Constraint</indexState>
<isSurrogateKey>false</isSurrogateKey>
<indexColumnUsage>
<colUsage columnID="4CF5E184-3D5F-1FCD-908C-67054BF65BC5"/>
</indexColumnUsage>
</ind_PK_UK>
<ind_PK_UK id="4EA8E2C5-23D6-7F45-0DA2-00FAF2999818" name="Turnieje_Lokalizacje_FK">
<createdBy>anna</createdBy>
<createdTime>2021-12-10 18:57:59 UTC</createdTime>
<generatorID>8F1FED59-4702-7FB9-74BE-207F0DBB6E53</generatorID>
<ownerDesignName>app</ownerDesignName>
<indexState>Foreign Key</indexState>
<isSurrogateKey>false</isSurrogateKey>
<indexColumnUsage>
<colUsage columnID="5A4ABD2D-B46C-8051-747B-6FA4847101BA"/>
<colUsage columnID="2D568FA8-8A99-9890-2913-1FDEB9C7D992"/>
</indexColumnUsage>
</ind_PK_UK>
<ind_PK_UK id="DCEE4C22-A195-4C64-6C14-CC0EC1CE3BDB" name="Turnieje_Wydarzenia_FK">
<createdBy>anna</createdBy>
<createdTime>2021-12-10 18:57:59 UTC</createdTime>
<generatorID>E2F82688-B575-4279-2405-3CB8A215BBBB</generatorID>
<ownerDesignName>app</ownerDesignName>
<indexState>Foreign Key</indexState>
<isSurrogateKey>false</isSurrogateKey>
<indexColumnUsage>
<colUsage columnID="0F2FAF6D-5014-AADA-A879-0618EB85D49D"/>
</indexColumnUsage>
</ind_PK_UK>
</indexes>
</Table>