<?xml version = '1.0' encoding = 'UTF-8'?>
<Table class="oracle.dbtools.crest.model.design.relational.Table" directorySegmentName="seg_0" id="A37B8F03-E6C4-AB8E-4E47-09E2B3B38F9E" name="Autorzy_gry">
<createdBy>anna</createdBy>
<createdTime>2021-12-10 18:57:58 UTC</createdTime>
<generatorID>9F33D251-DD76-9D1E-C7A8-84F15A0DBBAF</generatorID>
<ownerDesignName>app</ownerDesignName>
<abbreviation>Autor</abbreviation>
<allowColumnReorder>false</allowColumnReorder>
<existDependencyGenerateInDDl>true</existDependencyGenerateInDDl>
<parsed>true</parsed>
<columns itemClass="oracle.dbtools.crest.model.design.relational.Column">
<Column name="Imię" id="7935CEEC-A636-C166-029F-DB6642D0A14F">
<createdBy>anna</createdBy>
<createdTime>2021-12-10 18:57:59 UTC</createdTime>
<generatorID>7143DE8B-F732-83B4-501F-F894C96051CD</generatorID>
<ownerDesignName>app</ownerDesignName>
<useDomainConstraints>false</useDomainConstraints>
<use>1</use>
<logicalDatatype>LOGDT024</logicalDatatype>
<dataTypeSize>20 CHAR</dataTypeSize>
<ownDataTypeParameters>20 CHAR,,</ownDataTypeParameters>
<autoIncrementCycle>false</autoIncrementCycle>
</Column>
<Column name="Nazwisko" id="76D798A6-A593-F9F2-B617-7193B06DDA6B">
<createdBy>anna</createdBy>
<createdTime>2021-12-10 18:57:59 UTC</createdTime>
<generatorID>F318600E-39E4-E2EE-C31C-1EFB7566C0FE</generatorID>
<ownerDesignName>app</ownerDesignName>
<useDomainConstraints>false</useDomainConstraints>
<use>1</use>
<logicalDatatype>LOGDT024</logicalDatatype>
<dataTypeSize>30 CHAR</dataTypeSize>
<ownDataTypeParameters>30 CHAR,,</ownDataTypeParameters>
<autoIncrementCycle>false</autoIncrementCycle>
</Column>
</columns>
<indexes itemClass="oracle.dbtools.crest.model.design.relational.Index">
<ind_PK_UK id="91495E30-BCAA-9100-0FEB-2AA7908654E3" name="Autorzy_gry_PK">
<createdBy>anna</createdBy>
<createdTime>2021-12-10 18:57:59 UTC</createdTime>
<generatorID>279AB81B-95E8-DDF7-0237-18BE35794859</generatorID>
<ownerDesignName>app</ownerDesignName>
<pk>true</pk>
<indexState>Primary Constraint</indexState>
<isSurrogateKey>false</isSurrogateKey>
<indexColumnUsage>
<colUsage columnID="7935CEEC-A636-C166-029F-DB6642D0A14F"/>
<colUsage columnID="76D798A6-A593-F9F2-B617-7193B06DDA6B"/>
</indexColumnUsage>
</ind_PK_UK>
</indexes>
</Table>