<?xml version = '1.0' encoding = 'UTF-8'?>
<Table class="oracle.dbtools.crest.model.design.relational.Table" directorySegmentName="seg_0" id="B9705F00-83CE-C532-A622-F3D8DE16458F" name="Właściciele_gry">
<createdBy>anna</createdBy>
<createdTime>2021-12-10 18:57:59 UTC</createdTime>
<generatorID>DECD7D89-3758-1D42-FC31-0D69274E55FF</generatorID>
<ownerDesignName>app</ownerDesignName>
<abbreviation>Właściciel</abbreviation>
<allowColumnReorder>false</allowColumnReorder>
<existDependencyGenerateInDDl>true</existDependencyGenerateInDDl>
<parsed>true</parsed>
<columns itemClass="oracle.dbtools.crest.model.design.relational.Column">
<Column name="Gracze_Imię" id="58318882-D6AA-50E3-0A58-272A11977A46">
<createdBy>anna</createdBy>
<createdTime>2021-12-10 18:57:59 UTC</createdTime>
<generatorID>FBF82CCB-A127-0BC4-77C4-7BA2C038E49C</generatorID>
<ownerDesignName>app</ownerDesignName>
<nullsAllowed>true</nullsAllowed>
<useDomainConstraints>false</useDomainConstraints>
<use>1</use>
<logicalDatatype>LOGDT024</logicalDatatype>
<dataTypeSize>20 CHAR</dataTypeSize>
<ownDataTypeParameters>,,</ownDataTypeParameters>
<previousColumn>false</previousColumn>
<autoIncrementCycle>false</autoIncrementCycle>
<associations>
<colAssociation fkAssociation="40F14EE0-9DA4-9A8A-82EA-6255E770ED85" referredColumn="119760B6-3618-C26B-1052-C4B6B1887813"/>
</associations>
</Column>
<Column name="Gracze_Nazwisko" id="878B72EF-379E-EA8B-98D2-92C210B91244">
<createdBy>anna</createdBy>
<createdTime>2021-12-10 18:57:59 UTC</createdTime>
<generatorID>FA08B552-FE05-E897-183D-DD7330016BBF</generatorID>
<ownerDesignName>app</ownerDesignName>
<nullsAllowed>true</nullsAllowed>
<useDomainConstraints>false</useDomainConstraints>
<use>1</use>
<logicalDatatype>LOGDT024</logicalDatatype>
<dataTypeSize>30 CHAR</dataTypeSize>
<ownDataTypeParameters>,,</ownDataTypeParameters>
<previousColumn>false</previousColumn>
<autoIncrementCycle>false</autoIncrementCycle>
<associations>
<colAssociation fkAssociation="40F14EE0-9DA4-9A8A-82EA-6255E770ED85" referredColumn="AD1B38A7-059D-FB17-95EC-6B1AB3DAFE63"/>
</associations>
</Column>
<Column name="Kluby_Nazwa" id="BD94FD4A-9838-1851-96D2-9CF105DA9420">
<createdBy>anna</createdBy>
<createdTime>2021-12-10 18:57:59 UTC</createdTime>
<generatorID>B99E78CA-F347-73EA-B481-4D2C45F1385D</generatorID>
<ownerDesignName>app</ownerDesignName>
<nullsAllowed>true</nullsAllowed>
<useDomainConstraints>false</useDomainConstraints>
<use>1</use>
<logicalDatatype>LOGDT024</logicalDatatype>
<dataTypeSize>50 CHAR</dataTypeSize>
<ownDataTypeParameters>,,</ownDataTypeParameters>
<previousColumn>false</previousColumn>
<autoIncrementCycle>false</autoIncrementCycle>
<associations>
<colAssociation fkAssociation="366B9B5F-D122-D45A-4F3C-6F59C3A98C6C" referredColumn="50D61EBF-CF60-2751-4F63-F21F1209B0A0"/>
</associations>
</Column>
<Column name="Gry_Tytuł" id="CE417008-4E4C-20B4-EEB1-D1494E027D84">
<createdBy>anna</createdBy>
<createdTime>2021-12-10 18:57:59 UTC</createdTime>
<generatorID>9A4072CC-C544-8E23-4D29-2B630FFA52AA</generatorID>
<ownerDesignName>app</ownerDesignName>
<useDomainConstraints>false</useDomainConstraints>
<use>1</use>
<logicalDatatype>LOGDT024</logicalDatatype>
<dataTypeSize>30 CHAR</dataTypeSize>
<ownDataTypeParameters>,,</ownDataTypeParameters>
<previousColumn>false</previousColumn>
<autoIncrementCycle>false</autoIncrementCycle>
<associations>
<colAssociation fkAssociation="A69CDAAF-9A89-6D5F-1AFF-930D1D45D4F5" referredColumn="5A66CED8-5F29-58B2-2CB9-25CC6DFE8626"/>
</associations>
</Column>
<Column name="Koszt_zakupu" id="D52A9F3E-CFDE-7D7F-EF45-D62857CB4530">
<createdBy>anna</createdBy>
<createdTime>2021-12-10 18:57:59 UTC</createdTime>
<generatorID>9565D147-8DBD-C8A3-0ED9-1E16F8CC75F7</generatorID>
<ownerDesignName>app</ownerDesignName>
<nullsAllowed>true</nullsAllowed>
<useDomainConstraints>false</useDomainConstraints>
<use>1</use>
<logicalDatatype>LOGDT021</logicalDatatype>
<ownDataTypeParameters>,,</ownDataTypeParameters>
<autoIncrementCycle>false</autoIncrementCycle>
</Column>
</columns>
<indexes itemClass="oracle.dbtools.crest.model.design.relational.Index">
<ind_PK_UK id="848D26CC-F48D-7FFA-7FC6-CB0627AD8720" name="Właściciele_gry_PK">
<createdBy>anna</createdBy>
<createdTime>2021-12-10 18:57:59 UTC</createdTime>
<generatorID>23880815-2DE1-FC66-414E-48DEC45787F0</generatorID>
<ownerDesignName>app</ownerDesignName>
<pk>true</pk>
<indexState>Primary Constraint</indexState>
<isSurrogateKey>false</isSurrogateKey>
<indexColumnUsage>
<colUsage columnID="CE417008-4E4C-20B4-EEB1-D1494E027D84"/>
</indexColumnUsage>
</ind_PK_UK>
<ind_PK_UK id="3B32B66B-31FC-7CD0-B91C-A67FE1CE2740" name="Właściciele_gry_Gracze_FK">
<createdBy>anna</createdBy>
<createdTime>2021-12-10 18:57:59 UTC</createdTime>
<generatorID>7D3BDD98-0732-BC11-5B87-E049DA260C7B</generatorID>
<ownerDesignName>app</ownerDesignName>
<indexState>Foreign Key</indexState>
<isSurrogateKey>false</isSurrogateKey>
<indexColumnUsage>
<colUsage columnID="58318882-D6AA-50E3-0A58-272A11977A46"/>
<colUsage columnID="878B72EF-379E-EA8B-98D2-92C210B91244"/>
</indexColumnUsage>
</ind_PK_UK>
<ind_PK_UK id="F0C42D2E-8A29-D3F4-18E1-ACBB6791A9A9" name="Właściciele_gry_Kluby_FK">
<createdBy>anna</createdBy>
<createdTime>2021-12-10 18:57:59 UTC</createdTime>
<generatorID>6EC0BCD7-A46A-68CC-DCF3-A5AB8477232E</generatorID>
<ownerDesignName>app</ownerDesignName>
<indexState>Foreign Key</indexState>
<isSurrogateKey>false</isSurrogateKey>
<indexColumnUsage>
<colUsage columnID="BD94FD4A-9838-1851-96D2-9CF105DA9420"/>
</indexColumnUsage>
</ind_PK_UK>
<ind_PK_UK id="614134A1-DE7D-4352-C01A-7F065033EF12" name="Właściciele_gry_Gry_FK">
<createdBy>anna</createdBy>
<createdTime>2021-12-10 18:57:59 UTC</createdTime>
<generatorID>A6E0F53D-CC0A-50F0-00B7-CD67941D6B99</generatorID>
<ownerDesignName>app</ownerDesignName>
<indexState>Foreign Key</indexState>
<isSurrogateKey>false</isSurrogateKey>
<indexColumnUsage>
<colUsage columnID="CE417008-4E4C-20B4-EEB1-D1494E027D84"/>
</indexColumnUsage>
</ind_PK_UK>
</indexes>
</Table>