<?xml version = '1.0' encoding = 'UTF-8'?>
<Table class="oracle.dbtools.crest.model.design.relational.Table" directorySegmentName="seg_0" id="CBBC97A6-9ABA-5B8A-CA37-CD7D194C63BC" name="Gracze">
<createdBy>anna</createdBy>
<createdTime>2021-12-10 18:57:59 UTC</createdTime>
<generatorID>0CD5F412-98DA-3FD4-E37F-F7D179CF9155</generatorID>
<ownerDesignName>app</ownerDesignName>
<abbreviation>Gracz</abbreviation>
<allowColumnReorder>false</allowColumnReorder>
<existDependencyGenerateInDDl>true</existDependencyGenerateInDDl>
<parsed>true</parsed>
<columns itemClass="oracle.dbtools.crest.model.design.relational.Column">
<Column name="Gracz_ID" id="458E7515-5A8B-7BEE-7213-906DBF75EB8F">
<createdBy>anna</createdBy>
<createdTime>2021-12-10 19:35:43 UTC</createdTime>
<ownerDesignName>app</ownerDesignName>
<useDomainConstraints>false</useDomainConstraints>
<use>1</use>
<logicalDatatype>LOGDT019</logicalDatatype>
<ownDataTypeParameters>,,</ownDataTypeParameters>
<autoIncrementColumn>true</autoIncrementColumn>
<identityColumn>true</identityColumn>
<autoIncrementCycle>false</autoIncrementCycle>
<isSurrogateColumn>true</isSurrogateColumn>
</Column>
<Column name="Imię" id="119760B6-3618-C26B-1052-C4B6B1887813">
<createdBy>anna</createdBy>
<createdTime>2021-12-10 18:57:59 UTC</createdTime>
<generatorID>EB5C94EA-A1E1-7DFD-20A8-24D9C1BCC67C</generatorID>
<ownerDesignName>app</ownerDesignName>
<useDomainConstraints>false</useDomainConstraints>
<use>1</use>
<logicalDatatype>LOGDT024</logicalDatatype>
<dataTypeSize>20 CHAR</dataTypeSize>
<ownDataTypeParameters>20 CHAR,,</ownDataTypeParameters>
<autoIncrementCycle>false</autoIncrementCycle>
</Column>
<Column name="Nazwisko" id="AD1B38A7-059D-FB17-95EC-6B1AB3DAFE63">
<createdBy>anna</createdBy>
<createdTime>2021-12-10 18:57:59 UTC</createdTime>
<generatorID>48356576-7998-3051-6EB9-75A446155D79</generatorID>
<ownerDesignName>app</ownerDesignName>
<useDomainConstraints>false</useDomainConstraints>
<use>1</use>
<logicalDatatype>LOGDT024</logicalDatatype>
<dataTypeSize>30 CHAR</dataTypeSize>
<ownDataTypeParameters>30 CHAR,,</ownDataTypeParameters>
<autoIncrementCycle>false</autoIncrementCycle>
</Column>
</columns>
<indexes itemClass="oracle.dbtools.crest.model.design.relational.Index">
<ind_PK_UK id="BD1A77C5-C89D-34B5-90A7-08DD71CDAEDA" name="Gracz_PK">
<createdBy>anna</createdBy>
<createdTime>2021-12-10 19:35:43 UTC</createdTime>
<ownerDesignName>app</ownerDesignName>
<pk>true</pk>
<indexState>Primary Constraint</indexState>
<indexColumnUsage>
<colUsage columnID="458E7515-5A8B-7BEE-7213-906DBF75EB8F"/>
</indexColumnUsage>
</ind_PK_UK>
<ind_PK_UK id="0A9F390A-1CB7-4929-89C8-992DFFBE671D" name="Gracze_Imię_Nazwisko_UN">
<createdBy>anna</createdBy>
<createdTime>2021-12-10 18:57:59 UTC</createdTime>
<generatorID>A9ABA560-0808-C3CA-5806-EC0FE8E45767</generatorID>
<ownerDesignName>app</ownerDesignName>
<indexState>Unique Constraint</indexState>
<isSurrogateKey>false</isSurrogateKey>
<indexColumnUsage>
<colUsage columnID="119760B6-3618-C26B-1052-C4B6B1887813"/>
<colUsage columnID="AD1B38A7-059D-FB17-95EC-6B1AB3DAFE63"/>
</indexColumnUsage>
</ind_PK_UK>
</indexes>
</Table>