<?xml version = '1.0' encoding = 'UTF-8'?>
<Table class="oracle.dbtools.crest.model.design.relational.Table" directorySegmentName="seg_0" id="D1F374C1-4AA1-ED7F-510A-E51ECE5195BF" name="Lokalizacje">
<createdBy>anna</createdBy>
<createdTime>2021-12-10 18:57:59 UTC</createdTime>
<generatorID>A1A31904-92BA-E387-DDDF-1FA1B1F7E154</generatorID>
<ownerDesignName>app</ownerDesignName>
<abbreviation>Lokalizacja</abbreviation>
<allowColumnReorder>false</allowColumnReorder>
<existDependencyGenerateInDDl>true</existDependencyGenerateInDDl>
<parsed>true</parsed>
<columns itemClass="oracle.dbtools.crest.model.design.relational.Column">
<Column name="Miasto" id="2F0ACFA8-90D8-584B-07CA-0639CE7ACF2A">
<createdBy>anna</createdBy>
<createdTime>2021-12-10 18:57:59 UTC</createdTime>
<generatorID>77ED233B-77C4-B3EE-29F4-B2F973D5DF04</generatorID>
<ownerDesignName>app</ownerDesignName>
<useDomainConstraints>false</useDomainConstraints>
<use>1</use>
<logicalDatatype>LOGDT024</logicalDatatype>
<dataTypeSize>30 CHAR</dataTypeSize>
<ownDataTypeParameters>30 CHAR,,</ownDataTypeParameters>
<autoIncrementCycle>false</autoIncrementCycle>
</Column>
<Column name="Obiekt" id="B8EFDBCC-1236-902E-8DFD-83179ACC2E30">
<createdBy>anna</createdBy>
<createdTime>2021-12-10 18:57:59 UTC</createdTime>
<generatorID>388FF37C-441B-B564-69F8-2C6475391127</generatorID>
<ownerDesignName>app</ownerDesignName>
<useDomainConstraints>false</useDomainConstraints>
<use>1</use>
<logicalDatatype>LOGDT024</logicalDatatype>
<dataTypeSize>30 CHAR</dataTypeSize>
<ownDataTypeParameters>30 CHAR,,</ownDataTypeParameters>
<autoIncrementCycle>false</autoIncrementCycle>
</Column>
</columns>
<indexes itemClass="oracle.dbtools.crest.model.design.relational.Index">
<ind_PK_UK id="C6FAE418-CBBC-45AF-0D16-CCE41683B9AC" name="Lokalizacje_PK">
<createdBy>anna</createdBy>
<createdTime>2021-12-10 18:57:59 UTC</createdTime>
<generatorID>32C0BC14-8A71-5BB9-771B-B07579FB65A8</generatorID>
<ownerDesignName>app</ownerDesignName>
<pk>true</pk>
<indexState>Primary Constraint</indexState>
<isSurrogateKey>false</isSurrogateKey>
<indexColumnUsage>
<colUsage columnID="2F0ACFA8-90D8-584B-07CA-0639CE7ACF2A"/>
<colUsage columnID="B8EFDBCC-1236-902E-8DFD-83179ACC2E30"/>
</indexColumnUsage>
</ind_PK_UK>
</indexes>
</Table>